N,P,K,temperature,humidity,ph,rainfall,label
111.7,51.4,49.3,24.61,84.8,6.32,225.92,rice
94.8,32.9,47.9,24.66,79.84,6.48,226.99,rice
82.5,53.7,43.5,27.56,92.62,6.63,239.73,rice
103.5,35.1,32.7,23.33,83.76,6.47,238.31,rice
96.5,47.5,47.1,24.26,80.21,6.19,224.78,rice
93.9,46.2,57.2,24.08,90.19,6.12,238.46,rice
80.9,47.0,50.2,23.29,82.07,6.61,261.96,rice
85.1,41.7,39.2,23.89,80.28,6.59,248.4,rice
82.6,60.0,32.9,24.82,83.74,7.05,231.58,rice
91.8,51.8,50.3,23.54,89.96,6.12,227.2,rice
91.5,41.9,30.9,26.56,86.05,5.78,248.01,rice
99.5,39.7,52.3,20.66,80.22,6.37,241.93,rice
93.1,48.6,35.2,26.68,84.87,6.26,229.28,rice
101.3,51.5,34.8,22.82,86.31,5.83,225.7,rice
95.8,38.4,54.9,21.37,76.66,6.02,236.6,rice
86.7,41.6,42.9,21.99,83.21,6.61,240.41,rice
81.4,53.3,43.3,25.27,86.1,6.3,245.5,rice
84.3,51.1,29.0,24.96,82.3,5.92,240.11,rice
85.7,61.8,43.6,28.21,85.12,6.16,239.77,rice
91.9,53.0,29.5,23.1,79.89,6.49,238.51,rice
92.6,51.7,40.6,25.16,80.67,6.3,240.22,rice
91.6,40.1,59.9,21.66,76.11,6.76,242.44,rice
93.1,42.6,30.8,23.16,82.02,6.42,237.22,rice
99.9,39.3,26.7,22.84,75.54,5.6,254.37,rice
91.4,42.6,38.9,27.09,86.72,6.69,240.07,rice
81.5,46.1,34.4,27.66,78.01,6.03,216.5,rice
96.4,35.3,46.9,24.17,81.38,7.17,229.53,rice
94.0,38.4,35.6,25.11,79.11,6.41,244.36,rice
90.7,44.1,42.4,19.37,81.08,6.74,257.12,rice
95.6,48.1,43.3,22.07,86.05,6.69,229.65,rice
77.6,50.0,52.1,22.7,83.26,6.54,247.97,rice
94.1,40.5,48.8,23.0,82.32,6.69,214.03,rice
96.9,39.5,37.4,26.02,87.01,6.17,223.75,rice
77.8,41.0,54.8,23.97,78.22,6.38,220.08,rice
89.3,51.9,30.7,25.34,88.54,6.7,229.49,rice
97.5,40.2,33.6,27.93,77.13,6.18,233.06,rice
90.7,56.3,48.4,26.32,85.29,6.51,219.4,rice
91.2,41.9,36.2,23.03,90.56,6.72,248.48,rice
81.4,47.0,40.2,24.19,85.54,6.38,237.53,rice
95.3,49.9,48.5,18.13,78.26,6.37,223.94,rice
81.3,29.0,47.3,22.93,78.49,6.93,230.47,rice
96.9,48.6,46.9,19.49,81.53,6.29,244.33,rice
112.3,57.7,52.3,20.64,83.06,6.35,219.05,rice
92.6,54.1,44.6,25.44,87.6,6.31,259.57,rice
83.1,45.4,41.6,22.72,76.2,6.74,258.36,rice
94.0,47.8,39.1,24.52,84.54,6.37,228.86,rice
69.6,46.8,53.3,23.72,76.03,6.17,216.91,rice
73.4,57.6,43.4,24.53,73.37,6.58,244.48,rice
100.0,39.7,31.7,26.15,84.78,6.33,245.17,rice
104.1,49.1,46.2,25.48,85.18,6.38,237.13,rice
74.9,37.8,62.8,22.37,75.34,6.83,257.69,rice
79.5,47.2,40.2,22.98,78.83,6.17,230.17,rice
94.4,45.7,43.9,23.91,81.42,6.22,225.81,rice
87.0,46.9,30.5,22.03,86.12,6.17,237.57,rice
78.6,55.8,52.8,24.11,82.7,6.56,234.47,rice
84.3,53.0,36.2,24.43,87.29,6.06,234.36,rice
90.1,31.9,38.0,23.74,77.03,6.72,256.13,rice
101.8,61.6,39.7,25.98,83.56,6.05,224.75,rice
86.8,34.5,41.8,23.66,93.75,6.51,252.74,rice
94.5,42.2,34.2,22.45,80.86,6.77,251.11,rice
86.9,45.3,35.6,23.22,83.31,6.25,237.8,rice
84.9,56.5,43.8,22.46,87.89,5.89,234.53,rice
102.4,55.7,48.4,23.53,86.35,6.64,249.29,rice
81.8,54.9,34.7,21.02,82.16,6.4,251.61,rice
88.3,49.3,33.8,21.11,80.73,6.6,267.54,rice
81.5,59.8,39.7,26.46,76.25,6.5,238.03,rice
86.4,45.1,42.0,23.86,74.57,6.04,225.41,rice
67.7,37.3,48.0,24.22,78.46,6.7,236.0,rice
82.4,51.4,52.7,22.89,85.15,6.51,240.01,rice
79.9,37.4,33.0,24.23,81.93,6.36,251.64,rice
102.3,33.7,24.8,22.67,83.96,6.59,232.85,rice
72.9,60.2,36.4,24.32,82.28,6.32,249.54,rice
100.2,37.4,21.3,22.28,83.58,6.5,240.41,rice
99.1,54.2,38.5,20.81,79.13,6.78,227.52,rice
99.1,51.8,59.4,23.58,72.85,7.03,236.5,rice
89.0,57.1,39.2,21.45,80.79,6.59,231.38,rice
104.6,40.2,35.7,20.83,89.88,6.94,232.46,rice
82.9,34.5,53.6,24.86,84.79,6.31,250.68,rice
90.2,38.6,34.7,24.13,76.67,6.58,224.6,rice
86.1,43.2,39.3,24.64,76.83,6.22,219.25,rice
85.8,39.8,43.0,24.49,89.94,6.27,252.16,rice
85.5,42.2,47.0,25.63,86.57,6.57,237.84,rice
104.2,43.5,35.1,22.3,76.97,6.21,255.2,rice
76.9,59.3,29.5,25.74,71.17,6.94,227.68,rice
91.5,46.4,39.2,26.7,86.48,6.4,241.76,rice
97.6,44.9,48.9,25.73,79.8,6.07,240.17,rice
82.8,50.0,39.8,25.63,85.87,7.06,251.26,rice
94.3,42.7,33.8,24.67,87.52,6.69,234.54,rice
85.5,55.2,44.1,20.02,88.41,5.75,226.74,rice
86.7,51.3,37.7,22.21,82.08,6.77,232.1,rice
107.0,48.9,38.0,22.74,79.53,6.62,232.63,rice
88.7,42.6,56.6,19.78,80.85,6.54,239.96,rice
90.3,52.3,44.0,23.2,78.04,6.52,222.96,rice
73.8,53.8,39.9,22.62,81.41,6.38,232.24,rice
88.5,48.7,40.9,24.67,92.21,6.72,241.91,rice
90.9,49.7,48.5,24.52,86.98,6.75,233.83,rice
86.3,50.5,55.5,21.45,84.04,6.41,234.36,rice
88.3,58.0,50.7,23.92,80.18,6.7,240.48,rice
86.6,44.2,44.2,20.29,81.62,6.34,229.35,rice
95.6,41.7,43.9,22.83,80.64,6.27,270.47,rice
77.8,42.2,6.1,19.34,61.05,6.1,82.3,maize
85.4,44.6,22.0,22.24,67.43,6.39,85.07,maize
76.2,61.8,19.9,20.01,62.67,5.74,76.91,maize
65.2,55.2,36.9,22.85,61.94,6.02,69.33,maize
65.8,46.2,27.1,21.5,57.89,6.88,61.89,maize
81.9,61.4,28.6,23.88,57.09,6.49,76.13,maize
76.8,37.9,9.0,20.27,72.67,5.97,68.1,maize
57.7,60.8,24.4,21.22,55.2,5.92,75.17,maize
93.4,41.8,24.3,18.85,63.58,6.55,77.21,maize
65.6,53.3,23.7,22.9,69.51,6.1,89.24,maize
68.0,46.2,19.5,17.95,62.59,6.45,65.53,maize
71.3,48.8,43.3,24.26,62.81,5.77,80.38,maize
77.3,55.7,14.7,23.98,69.44,6.17,94.09,maize
74.1,48.2,6.8,22.39,68.44,6.41,81.8,maize
85.1,43.9,17.2,19.57,67.73,6.11,87.52,maize
78.5,48.0,21.5,23.8,64.65,6.41,86.79,maize
81.7,46.3,27.3,23.56,61.63,6.19,75.72,maize
62.7,46.5,29.6,23.67,64.96,6.37,92.65,maize
86.8,53.9,36.1,24.62,58.04,6.28,97.18,maize
75.4,37.1,19.4,21.08,56.08,6.2,97.7,maize
82.7,53.0,20.4,20.18,69.94,6.17,77.44,maize
78.5,60.2,23.1,23.01,61.38,6.83,95.6,maize
90.2,61.0,9.5,24.1,68.2,5.7,89.08,maize
73.4,34.1,25.4,21.91,64.77,6.47,85.69,maize
80.6,39.3,25.3,21.58,60.9,6.13,93.76,maize
65.3,52.8,16.0,26.05,67.92,6.34,94.54,maize
72.8,51.3,17.5,21.19,66.03,6.2,100.94,maize
79.5,50.4,17.7,24.89,57.53,5.68,70.49,maize
77.2,34.1,10.5,23.67,67.15,5.8,93.12,maize
89.4,63.1,20.4,22.89,64.6,6.75,91.06,maize
69.5,53.9,14.1,23.49,59.89,6.21,114.06,maize
67.4,49.7,28.4,21.83,69.33,6.38,77.35,maize
70.7,49.4,5.0,19.74,65.79,5.87,81.68,maize
67.3,56.8,26.2,23.2,65.76,6.08,70.77,maize
94.0,52.3,17.7,23.19,68.85,6.63,104.99,maize
83.0,42.2,19.7,23.32,64.68,6.27,47.53,maize
90.5,46.9,32.8,24.2,66.65,6.85,76.37,maize
99.2,48.7,5.0,20.88,65.49,5.69,83.03,maize
73.3,43.0,14.5,20.71,65.81,6.32,83.06,maize
77.5,50.2,23.6,22.76,72.5,6.76,72.11,maize
68.5,40.8,25.2,21.1,69.76,5.96,67.41,maize
63.1,36.3,15.7,26.41,67.89,6.28,76.11,maize
74.3,42.5,15.8,22.7,67.58,6.13,92.52,maize
76.4,45.3,22.5,21.28,65.33,6.23,97.29,maize
76.4,50.5,10.8,21.85,70.22,6.65,92.9,maize
72.7,42.4,12.4,21.19,66.47,6.02,72.36,maize
67.5,42.9,5.0,19.28,61.08,6.14,104.2,maize
83.3,49.5,6.2,21.26,67.55,6.62,56.7,maize
87.9,46.8,26.3,21.15,64.76,5.88,85.77,maize
89.4,57.2,25.6,20.68,64.03,6.06,88.84,maize
84.9,39.7,14.7,24.16,69.42,5.88,83.75,maize
86.9,56.6,16.1,24.46,66.48,5.95,105.0,maize
73.7,47.2,6.3,21.3,62.14,5.71,89.92,maize
71.3,54.5,16.6,24.56,65.22,6.18,82.29,maize
70.2,44.5,25.6,23.93,64.47,6.21,68.27,maize
73.0,44.3,8.4,24.69,64.19,6.2,94.03,maize
69.6,52.8,5.0,21.15,56.95,6.61,93.59,maize
71.9,48.0,12.2,23.12,68.09,6.06,89.33,maize
70.2,45.7,20.8,23.83,62.36,6.21,90.12,maize
83.2,57.8,17.7,26.16,61.83,6.5,104.01,maize
91.9,47.3,10.6,19.26,63.31,5.69,75.33,maize
62.5,50.4,27.9,21.99,70.86,6.14,92.42,maize
69.4,49.7,25.6,23.02,69.23,6.29,85.94,maize
78.5,56.6,22.3,23.27,65.89,6.6,56.62,maize
72.1,48.4,20.2,19.35,71.29,6.3,78.28,maize
88.3,54.8,7.2,17.92,61.53,6.5,94.81,maize
79.8,53.9,17.5,24.73,68.48,5.97,84.06,maize
77.7,54.1,11.4,22.17,67.34,6.09,96.0,maize
83.3,44.0,18.9,22.73,64.92,5.92,75.48,maize
91.3,45.0,23.4,21.28,57.17,6.86,74.61,maize
77.7,41.9,15.6,22.08,63.1,6.38,105.22,maize
74.2,56.7,13.9,23.13,62.6,6.23,83.96,maize
87.3,52.8,22.9,21.72,68.56,6.51,87.08,maize
72.6,49.8,7.9,24.44,57.16,6.6,73.93,maize
71.8,44.9,24.5,21.3,68.55,6.57,96.52,maize
69.1,57.1,14.5,26.62,63.3,5.57,97.19,maize
75.2,40.3,10.8,25.67,64.24,6.13,86.96,maize
80.9,39.7,21.0,20.8,64.92,6.27,123.95,maize
87.2,68.4,16.8,24.3,66.0,6.7,60.14,maize
66.1,35.9,26.1,20.63,66.33,6.34,81.48,maize
84.5,46.5,27.2,21.0,66.91,6.44,65.95,maize
78.2,45.7,12.8,27.25,68.58,6.58,107.11,maize
82.7,44.2,30.8,20.35,60.14,6.35,93.06,maize
71.5,45.0,13.2,23.24,64.92,6.11,83.59,maize
85.6,47.3,17.9,21.63,71.2,6.41,99.26,maize
79.6,37.1,15.8,22.65,69.94,5.52,92.94,maize
86.2,40.9,7.0,28.57,64.9,6.03,86.32,maize
84.9,42.9,30.0,18.99,64.52,6.25,102.46,maize
75.9,47.2,16.4,17.44,62.95,6.91,82.81,maize
83.1,45.8,21.0,21.76,61.72,6.37,75.42,maize
84.9,52.8,12.7,20.79,69.93,6.56,80.22,maize
75.6,45.9,30.0,23.93,66.95,5.97,72.04,maize
84.5,59.7,5.0,19.09,67.55,6.17,73.35,maize
82.4,38.7,26.2,21.42,71.62,6.18,96.38,maize
73.4,41.1,14.2,22.42,58.86,6.57,84.35,maize
58.3,37.6,9.9,20.07,65.76,6.18,89.42,maize
71.2,54.7,13.4,20.66,66.85,5.94,95.71,maize
89.1,54.7,12.2,21.27,67.33,6.18,101.24,maize
88.2,55.9,31.9,20.64,62.52,6.41,106.37,maize
69.8,46.4,23.0,22.1,56.23,6.07,79.24,maize
37.0,60.0,77.0,14.52,20.0,7.16,79.26,chickpea
46.1,62.8,83.1,18.17,20.0,7.37,85.15,chickpea
51.5,66.5,81.5,21.06,20.0,6.86,72.12,chickpea
45.8,66.4,82.8,21.06,20.0,7.38,78.58,chickpea
42.2,66.3,83.4,18.39,20.0,6.72,78.77,chickpea
33.2,62.5,77.0,18.28,20.63,7.45,78.1,chickpea
32.6,52.2,79.2,22.54,20.0,7.65,74.52,chickpea
34.2,77.5,85.0,17.63,20.0,7.06,92.38,chickpea
52.5,61.6,90.6,18.25,20.0,7.62,84.91,chickpea
29.1,65.0,75.7,19.4,20.0,7.9,95.04,chickpea
37.5,67.4,88.5,18.41,20.0,7.2,73.91,chickpea
41.2,61.8,71.4,17.78,20.0,7.79,88.44,chickpea
25.7,66.0,88.2,20.13,20.0,7.32,71.38,chickpea
30.1,67.6,81.2,20.08,20.02,7.53,60.26,chickpea
28.7,73.6,86.4,17.14,20.0,7.36,62.37,chickpea
34.3,70.5,76.3,19.93,20.0,7.58,104.04,chickpea
34.4,71.9,69.2,16.94,20.0,7.32,72.68,chickpea
41.2,57.5,78.6,21.48,20.0,7.58,83.74,chickpea
52.6,56.2,71.2,20.56,24.16,7.54,71.83,chickpea
38.8,67.5,94.2,22.22,21.82,7.7,57.75,chickpea
30.7,67.0,77.7,21.81,20.5,7.46,86.67,chickpea
39.7,66.5,74.7,19.02,20.0,7.66,76.82,chickpea
40.3,62.1,68.6,18.4,20.0,7.25,98.45,chickpea
38.6,62.2,84.5,18.96,24.82,7.38,72.82,chickpea
44.5,70.9,57.0,19.65,20.0,7.38,84.23,chickpea
44.9,61.6,93.7,16.94,20.0,7.5,69.89,chickpea
30.3,72.3,71.6,19.59,20.0,7.03,60.8,chickpea
20.9,79.0,87.4,19.41,20.0,7.51,83.34,chickpea
48.8,66.4,86.3,15.62,20.0,7.27,93.23,chickpea
47.7,61.3,75.3,17.38,20.0,7.37,82.97,chickpea
40.0,79.7,74.2,22.49,20.0,7.11,82.17,chickpea
62.6,64.5,80.3,12.54,20.0,7.21,87.83,chickpea
50.9,62.1,67.1,22.58,20.0,7.39,71.18,chickpea
38.2,60.3,80.8,18.48,21.58,6.87,85.95,chickpea
34.1,64.4,74.3,22.82,20.0,7.54,92.76,chickpea
38.5,61.5,77.6,17.28,20.0,7.5,101.38,chickpea
43.8,75.6,88.1,20.35,20.0,6.77,79.23,chickpea
35.3,79.2,77.4,22.4,20.0,7.57,90.26,chickpea
41.4,65.4,84.5,22.18,20.0,7.28,83.01,chickpea
36.6,74.1,90.4,20.34,20.0,7.48,57.38,chickpea
33.0,55.3,88.1,16.32,20.0,7.84,90.47,chickpea
41.0,62.0,73.9,19.29,20.0,7.28,67.74,chickpea
26.9,64.5,73.5,21.29,22.72,6.73,81.9,chickpea
60.6,77.1,75.8,20.81,20.0,7.41,101.43,chickpea
33.3,75.0,73.4,19.84,20.0,7.35,110.4,chickpea
34.2,78.7,73.1,18.86,21.89,7.35,83.43,chickpea
39.6,67.1,86.2,20.25,20.0,7.56,84.71,chickpea
46.7,71.6,84.0,17.81,20.0,7.55,82.93,chickpea
49.9,74.0,91.9,18.27,20.0,7.36,70.36,chickpea
46.1,82.6,85.6,21.54,20.0,7.61,84.18,chickpea
28.4,66.3,73.3,21.88,20.0,7.16,82.34,chickpea
32.9,76.4,88.5,19.76,20.0,7.05,84.67,chickpea
44.3,69.6,78.2,19.73,20.0,7.46,84.52,chickpea
38.8,60.6,74.6,19.76,20.0,7.62,78.84,chickpea
34.1,58.5,80.1,23.53,20.0,7.42,70.93,chickpea
50.0,66.5,94.9,19.37,20.0,7.29,56.43,chickpea
39.5,73.0,75.5,19.11,20.0,7.31,72.75,chickpea
48.2,60.5,77.8,25.28,20.0,7.32,72.38,chickpea
38.0,66.0,90.3,21.43,23.28,6.92,77.74,chickpea
26.4,87.9,82.7,16.99,20.0,7.67,32.96,chickpea
30.8,61.2,63.1,20.39,20.0,7.23,90.38,chickpea
42.0,75.0,95.6,19.38,20.0,7.74,49.78,chickpea
34.4,67.8,64.4,19.8,21.64,7.19,64.53,chickpea
38.4,66.6,68.6,14.67,20.0,6.69,72.66,chickpea
43.9,74.6,92.4,17.54,20.0,7.33,53.4,chickpea
33.0,71.9,68.3,16.63,20.0,7.19,111.54,chickpea
35.3,68.4,79.7,18.06,20.0,7.56,86.63,chickpea
37.9,76.7,81.6,17.78,20.0,7.6,68.82,chickpea
40.5,66.3,99.7,20.33,20.0,7.46,104.65,chickpea
30.4,73.1,87.3,18.05,21.2,7.24,84.79,chickpea
46.7,64.3,78.2,20.64,20.0,6.84,64.77,chickpea
51.9,67.5,85.8,18.05,20.0,7.15,65.52,chickpea
40.3,74.1,78.3,15.7,20.0,7.39,80.59,chickpea
35.9,65.4,87.1,19.45,20.0,6.94,86.29,chickpea
46.7,75.8,81.8,19.71,20.0,7.24,65.63,chickpea
46.7,63.8,88.3,18.09,20.0,7.45,78.61,chickpea
31.3,54.4,82.6,17.7,20.0,7.42,87.41,chickpea
38.9,69.0,73.1,21.7,20.0,7.7,82.43,chickpea
46.3,78.4,73.6,20.81,20.0,7.47,77.78,chickpea
42.5,58.9,84.4,17.17,20.0,7.37,77.83,chickpea
47.7,75.9,91.9,13.43,21.69,7.39,80.01,chickpea
56.1,78.6,92.9,18.07,20.88,6.76,70.01,chickpea
37.4,66.0,71.7,22.22,20.0,7.02,66.46,chickpea
42.1,65.3,83.8,17.85,20.0,7.7,71.53,chickpea
46.7,69.5,82.7,16.47,21.51,7.72,61.68,chickpea
46.3,96.8,79.4,21.38,20.0,6.87,94.01,chickpea
47.3,66.5,77.3,15.12,23.43,7.99,75.67,chickpea
43.5,52.6,75.9,19.9,20.0,7.15,72.27,chickpea
40.9,82.2,87.1,17.96,20.0,7.87,76.86,chickpea
38.0,73.8,79.2,20.01,20.0,7.28,116.63,chickpea
33.3,64.5,84.0,20.56,20.0,7.25,80.59,chickpea
37.6,70.9,69.1,18.19,20.0,7.52,79.68,chickpea
46.3,50.5,78.9,17.29,20.0,7.49,101.01,chickpea
33.3,54.5,90.2,18.88,20.0,7.57,57.3,chickpea
35.2,67.4,78.6,19.09,20.0,7.35,71.03,chickpea
34.5,70.0,89.8,18.44,24.13,7.21,75.15,chickpea
40.3,83.2,73.9,17.08,21.07,7.51,68.07,chickpea
43.7,73.7,79.4,19.93,20.0,7.27,72.03,chickpea
42.8,67.9,73.6,19.9,20.0,7.41,102.62,chickpea
32.3,65.6,81.6,18.06,20.0,7.11,60.01,chickpea
11.3,63.5,31.2,21.09,20.0,5.37,106.95,kidneybeans
26.7,60.2,22.7,18.9,21.67,5.71,125.79,kidneybeans
14.2,63.6,30.3,19.46,25.17,5.39,92.76,kidneybeans
23.3,67.2,9.3,20.08,27.22,5.96,116.7,kidneybeans
14.0,69.5,25.7,18.66,23.51,5.38,109.18,kidneybeans
16.7,80.9,16.6,20.12,20.0,6.15,89.51,kidneybeans
15.9,54.4,9.7,21.49,23.53,6.0,115.71,kidneybeans
23.1,68.0,5.0,20.1,20.0,5.91,113.62,kidneybeans
16.8,61.4,28.5,19.96,20.0,6.03,111.6,kidneybeans
30.7,63.6,23.3,21.09,24.33,5.15,91.75,kidneybeans
27.9,77.2,19.7,20.09,27.15,5.73,111.47,kidneybeans
11.7,60.4,13.7,21.46,23.42,6.32,104.11,kidneybeans
14.3,69.7,28.9,15.81,27.46,5.53,100.41,kidneybeans
18.7,64.0,15.3,18.15,26.29,5.79,109.3,kidneybeans
20.5,59.0,30.2,20.28,21.22,5.47,111.29,kidneybeans
23.9,55.0,29.5,21.72,26.13,5.84,93.0,kidneybeans
20.9,71.5,21.0,20.98,21.22,5.7,123.92,kidneybeans
37.1,63.3,12.2,25.4,22.3,5.62,85.51,kidneybeans
39.9,68.1,26.2,22.3,22.58,5.89,120.0,kidneybeans
17.2,67.9,40.0,19.5,20.0,5.73,120.6,kidneybeans
7.0,72.2,11.1,21.06,20.0,5.3,103.71,kidneybeans
12.9,60.9,22.7,21.43,22.19,6.41,104.9,kidneybeans
12.0,54.9,19.3,22.47,23.24,5.42,104.82,kidneybeans
12.1,67.2,22.8,22.44,20.0,5.68,106.24,kidneybeans
18.1,59.0,15.7,15.63,20.0,5.52,107.48,kidneybeans
1.7,60.6,11.6,25.39,23.65,5.88,117.9,kidneybeans
14.1,74.0,22.4,20.44,24.53,6.11,83.41,kidneybeans
19.5,87.2,30.8,20.7,20.0,5.55,129.38,kidneybeans
23.8,60.6,26.2,19.17,20.0,5.61,96.17,kidneybeans
7.1,72.0,20.3,15.91,20.0,5.91,123.59,kidneybeans
40.8,65.9,21.9,17.81,20.0,5.79,97.99,kidneybeans
21.6,69.8,8.4,22.26,24.16,6.26,116.15,kidneybeans
14.4,63.3,19.5,17.74,24.62,5.79,130.63,kidneybeans
16.0,63.7,33.7,21.82,20.0,5.49,113.0,kidneybeans
16.4,66.0,16.9,24.97,20.0,5.37,104.46,kidneybeans
23.7,64.2,7.0,19.6,20.0,6.11,118.89,kidneybeans
14.1,64.6,27.7,22.45,20.0,6.19,117.91,kidneybeans
36.8,73.9,6.8,20.35,22.92,5.87,115.24,kidneybeans
18.0,68.9,18.1,16.14,20.43,5.41,112.55,kidneybeans
37.4,67.7,19.9,19.94,20.79,5.71,105.71,kidneybeans
27.7,66.6,17.7,18.18,20.0,5.82,119.59,kidneybeans
21.7,69.9,21.8,17.17,20.51,5.95,113.07,kidneybeans
22.2,65.1,27.4,19.22,28.82,5.76,118.18,kidneybeans
15.0,66.2,24.6,20.0,20.0,6.38,111.6,kidneybeans
25.6,59.2,18.2,19.24,20.17,5.54,118.17,kidneybeans
17.9,78.8,23.3,19.68,20.0,5.1,115.46,kidneybeans
3.8,70.4,20.1,20.09,24.62,5.96,99.01,kidneybeans
29.6,64.4,21.7,20.91,25.11,5.96,116.68,kidneybeans
23.8,58.1,18.9,21.9,20.0,5.59,92.09,kidneybeans
31.2,71.9,16.9,23.34,21.49,6.19,103.44,kidneybeans
18.8,63.4,31.9,21.53,21.81,5.83,114.02,kidneybeans
23.1,89.4,26.8,21.95,20.65,5.67,104.58,kidneybeans
8.4,69.3,17.8,18.4,22.17,5.92,112.81,kidneybeans
27.3,53.9,17.2,19.58,20.53,6.0,82.01,kidneybeans
19.2,64.3,38.1,18.16,20.74,6.12,87.54,kidneybeans
35.3,72.3,19.5,22.85,22.16,5.28,98.84,kidneybeans
12.1,70.8,26.2,19.47,21.36,6.0,96.6,kidneybeans
31.6,69.2,19.3,17.62,22.84,5.89,99.07,kidneybeans
28.5,67.6,24.9,22.0,20.0,5.44,111.5,kidneybeans
9.2,67.0,38.1,20.15,23.11,5.77,106.83,kidneybeans
9.2,65.6,31.8,20.58,25.5,5.92,125.26,kidneybeans
20.2,68.2,11.2,19.24,30.03,5.86,106.0,kidneybeans
9.8,70.4,19.5,18.31,20.0,5.91,112.92,kidneybeans
10.9,76.0,18.7,21.88,20.0,5.45,114.86,kidneybeans
25.8,67.2,14.5,18.11,20.0,5.32,118.83,kidneybeans
26.3,67.0,27.2,17.56,21.14,5.74,123.86,kidneybeans
28.8,69.2,16.7,20.99,22.63,5.73,79.16,kidneybeans
29.3,72.6,37.9,18.02,20.0,5.75,109.97,kidneybeans
30.1,70.9,18.3,16.79,23.62,5.92,99.38,kidneybeans
11.7,64.8,28.0,17.9,25.17,5.92,129.27,kidneybeans
32.6,60.7,12.6,21.4,24.0,5.7,80.35,kidneybeans
13.1,77.5,21.8,15.17,20.0,5.69,113.64,kidneybeans
20.8,60.1,10.7,19.88,20.0,5.56,110.18,kidneybeans
28.5,58.0,34.7,19.82,22.33,5.66,90.43,kidneybeans
18.9,79.3,20.0,18.98,21.75,5.95,100.36,kidneybeans
29.1,70.1,22.0,19.21,20.98,5.74,112.0,kidneybeans
24.8,71.5,21.0,21.9,20.0,5.55,113.0,kidneybeans
16.8,70.4,25.8,22.16,20.32,5.83,112.98,kidneybeans
26.6,60.0,33.3,16.16,21.02,5.61,99.82,kidneybeans
17.4,67.2,26.1,23.3,20.0,5.98,98.82,kidneybeans
18.2,77.6,18.1,20.95,24.86,5.83,119.04,kidneybeans
23.5,66.0,30.8,20.86,20.87,5.62,93.21,kidneybeans
28.3,76.9,32.0,19.81,26.38,5.37,99.93,kidneybeans
16.5,58.0,31.8,20.27,27.62,6.2,129.67,kidneybeans
31.8,70.6,6.0,19.42,22.67,6.14,99.84,kidneybeans
19.1,74.8,9.9,19.56,23.55,6.06,108.06,kidneybeans
31.7,59.5,5.0,21.36,23.9,5.2,97.39,kidneybeans
14.8,59.7,30.9,15.99,24.82,6.17,104.27,kidneybeans
25.9,59.2,25.5,18.16,27.82,6.01,104.26,kidneybeans
8.7,73.9,16.0,20.72,20.69,5.85,100.58,kidneybeans
3.8,66.9,30.2,20.96,20.0,5.45,100.83,kidneybeans
25.3,56.3,33.1,18.81,20.32,6.25,101.36,kidneybeans
17.3,58.4,10.7,23.91,23.78,5.93,105.49,kidneybeans
0.0,83.3,6.4,19.78,20.0,5.95,96.08,kidneybeans
15.2,66.3,27.2,19.49,20.0,5.21,85.17,kidneybeans
8.5,63.9,25.0,18.29,25.66,6.1,103.41,kidneybeans
28.9,63.1,5.0,22.91,20.0,6.2,95.09,kidneybeans
2.0,68.4,5.0,21.59,20.0,5.66,123.14,kidneybeans
14.4,72.8,27.8,18.67,22.0,6.07,105.34,kidneybeans
28.3,76.4,27.9,21.86,26.29,5.52,107.17,kidneybeans
12.6,64.8,16.6,29.19,46.7,6.07,116.76,pigeonpeas
33.4,62.8,5.0,28.93,51.23,5.97,172.94,pigeonpeas
18.7,66.4,20.9,25.56,44.06,6.16,153.81,pigeonpeas
15.2,68.0,28.2,26.59,47.62,6.06,162.08,pigeonpeas
0.4,59.3,29.1,25.65,47.99,6.3,156.05,pigeonpeas
22.1,68.7,20.0,28.27,52.78,5.39,147.89,pigeonpeas
21.7,70.5,21.4,26.76,54.19,6.05,152.11,pigeonpeas
23.3,80.6,21.7,28.61,44.24,6.02,149.59,pigeonpeas
10.4,83.5,18.7,29.36,44.49,6.31,157.63,pigeonpeas
10.2,62.1,7.5,26.67,56.92,5.06,122.99,pigeonpeas
12.7,64.4,20.3,25.12,50.67,5.77,132.01,pigeonpeas
23.5,68.3,19.3,24.51,48.3,5.49,133.23,pigeonpeas
19.0,64.3,27.6,27.37,60.05,6.59,138.51,pigeonpeas
11.0,71.7,16.9,28.93,42.05,6.0,156.46,pigeonpeas
18.6,71.0,11.7,27.03,44.95,6.04,135.2,pigeonpeas
8.5,62.8,33.9,26.54,46.7,5.5,159.88,pigeonpeas
15.4,60.4,23.5,26.97,44.44,5.86,156.02,pigeonpeas
26.5,67.7,27.1,26.41,49.6,5.42,129.4,pigeonpeas
16.4,70.3,20.6,26.48,40.5,5.59,163.74,pigeonpeas
26.7,66.8,21.5,26.41,50.14,5.9,131.4,pigeonpeas
13.6,79.5,22.2,29.84,49.28,5.49,157.07,pigeonpeas
24.9,74.3,26.9,25.68,50.33,6.25,131.23,pigeonpeas
20.9,67.3,11.7,26.75,49.83,6.36,148.01,pigeonpeas
20.7,63.5,5.0,27.34,44.53,6.09,129.49,pigeonpeas
11.3,71.0,18.4,28.22,50.5,5.58,153.78,pigeonpeas
18.3,62.5,18.4,30.16,42.57,6.8,166.69,pigeonpeas
15.3,65.9,17.2,28.11,48.54,6.19,167.75,pigeonpeas
28.8,65.8,21.4,26.33,45.54,6.23,156.52,pigeonpeas
12.6,74.7,21.4,30.44,45.85,5.64,154.23,pigeonpeas
23.5,65.3,5.9,29.45,46.09,6.59,134.98,pigeonpeas
23.9,65.9,25.4,26.75,52.01,5.88,134.11,pigeonpeas
13.2,61.8,23.6,28.54,50.55,5.56,144.96,pigeonpeas
18.1,64.9,21.9,30.24,49.46,6.26,152.55,pigeonpeas
9.1,72.0,16.1,24.5,51.96,5.78,127.65,pigeonpeas
10.0,70.0,12.4,29.12,51.13,5.74,155.15,pigeonpeas
20.4,68.6,40.1,26.72,50.2,6.09,167.67,pigeonpeas
22.2,73.2,25.6,27.35,49.17,5.83,147.47,pigeonpeas
20.7,50.9,32.5,27.53,46.69,5.95,142.74,pigeonpeas
26.0,62.7,29.6,30.07,48.1,5.74,140.48,pigeonpeas
14.2,68.2,5.0,29.01,52.43,5.84,152.83,pigeonpeas
18.1,54.4,29.0,26.03,43.03,6.02,141.48,pigeonpeas
16.2,67.0,19.5,27.99,51.03,5.98,139.78,pigeonpeas
13.1,60.6,5.0,26.69,42.87,5.83,144.88,pigeonpeas
28.8,65.3,20.6,27.03,41.73,5.53,137.5,pigeonpeas
18.3,65.2,27.1,26.32,44.69,5.87,131.04,pigeonpeas
35.6,77.9,27.8,25.4,49.85,5.81,130.97,pigeonpeas
25.4,62.3,13.7,27.29,51.44,5.89,162.09,pigeonpeas
3.1,63.6,18.8,26.23,46.23,5.43,164.78,pigeonpeas
25.7,71.7,12.0,27.58,47.64,5.4,146.65,pigeonpeas
13.6,60.0,13.0,26.56,50.18,6.19,153.47,pigeonpeas
44.4,57.9,12.7,28.54,53.6,5.28,156.83,pigeonpeas
12.9,65.2,15.4,26.7,43.84,6.5,150.49,pigeonpeas
15.8,45.4,26.8,28.32,40.76,5.63,147.32,pigeonpeas
25.0,51.2,18.1,27.88,40.69,5.9,148.58,pigeonpeas
7.7,64.5,16.7,27.27,45.54,5.97,122.96,pigeonpeas
16.2,71.6,23.8,27.5,45.69,5.71,133.85,pigeonpeas
27.0,69.4,13.9,28.36,40.39,5.45,162.95,pigeonpeas
30.9,61.6,15.1,26.14,46.36,5.72,152.09,pigeonpeas
28.2,65.1,20.9,25.22,40.5,6.27,158.34,pigeonpeas
14.8,65.6,18.1,31.75,45.04,5.97,144.28,pigeonpeas
27.2,81.5,24.7,24.15,45.14,5.92,160.44,pigeonpeas
17.5,61.2,6.7,24.53,55.87,5.64,141.76,pigeonpeas
15.2,73.2,12.0,30.25,58.08,5.96,122.58,pigeonpeas
11.5,68.0,30.0,26.64,49.39,6.09,135.74,pigeonpeas
17.7,66.7,5.0,24.14,49.77,6.31,160.56,pigeonpeas
16.0,69.9,20.3,28.9,49.87,5.39,127.62,pigeonpeas
25.4,73.7,15.9,27.24,50.07,5.9,139.36,pigeonpeas
23.2,65.7,12.2,27.1,48.89,6.0,159.77,pigeonpeas
13.1,66.5,13.9,29.55,49.89,5.81,135.58,pigeonpeas
31.1,61.8,13.6,27.85,50.77,5.88,140.94,pigeonpeas
14.9,68.7,22.4,27.58,45.03,5.57,137.31,pigeonpeas
29.5,59.0,24.6,26.95,41.4,6.12,138.7,pigeonpeas
23.6,65.6,25.2,25.8,49.14,6.22,142.4,pigeonpeas
36.3,71.0,5.0,28.82,46.02,6.04,164.58,pigeonpeas
23.6,58.9,15.4,30.44,45.68,5.87,146.58,pigeonpeas
1.4,58.7,26.9,27.42,52.46,5.22,147.02,pigeonpeas
32.7,75.9,23.0,29.5,56.59,5.74,156.99,pigeonpeas
12.0,68.2,12.9,28.53,47.0,6.38,138.2,pigeonpeas
33.6,63.0,19.0,29.33,39.82,6.31,123.82,pigeonpeas
26.6,67.8,22.8,29.31,48.58,6.02,158.67,pigeonpeas
29.8,71.8,30.1,26.51,45.1,5.5,138.4,pigeonpeas
13.2,65.0,5.0,25.11,48.19,6.0,138.86,pigeonpeas
14.2,65.4,20.8,28.03,47.75,6.09,140.75,pigeonpeas
21.5,73.5,33.2,31.87,49.12,5.45,185.24,pigeonpeas
0.0,72.5,23.8,29.85,48.39,5.95,158.75,pigeonpeas
22.0,69.6,18.9,29.06,51.61,5.88,129.8,pigeonpeas
13.3,69.1,13.4,32.63,48.71,6.14,157.54,pigeonpeas
22.1,64.4,20.1,27.63,47.35,6.34,128.32,pigeonpeas
0.2,58.4,7.4,29.21,42.84,5.83,158.38,pigeonpeas
25.1,75.3,20.1,28.3,50.7,5.5,144.35,pigeonpeas
11.3,60.0,20.5,30.68,53.87,5.54,165.58,pigeonpeas
3.6,67.3,28.3,25.32,52.56,5.97,140.03,pigeonpeas
12.5,76.3,23.0,30.63,50.72,6.32,139.12,pigeonpeas
20.3,61.3,26.5,31.11,45.26,5.71,153.39,pigeonpeas
6.7,69.4,19.2,29.7,51.09,5.45,168.41,pigeonpeas
26.9,74.4,41.6,28.53,50.78,6.08,149.86,pigeonpeas
14.0,68.5,17.1,27.47,51.28,5.87,146.07,pigeonpeas
17.8,75.0,18.8,26.18,42.99,5.72,151.44,pigeonpeas
27.2,77.4,14.9,29.76,55.92,5.92,139.83,pigeonpeas
18.0,72.7,6.9,28.98,48.26,5.54,166.68,pigeonpeas
15.2,62.3,20.9,28.69,47.11,6.46,27.12,mothbeans
17.7,57.4,14.9,28.66,56.22,6.55,58.81,mothbeans
23.3,53.6,16.4,29.0,56.21,6.73,50.93,mothbeans
27.8,51.3,12.5,27.52,53.03,6.53,39.94,mothbeans
17.8,39.1,24.8,28.73,58.29,7.08,49.46,mothbeans
15.7,41.4,10.2,28.35,51.51,7.62,62.26,mothbeans
21.1,52.1,5.0,29.48,58.63,7.05,49.47,mothbeans
19.5,53.9,20.8,24.47,59.69,7.0,48.29,mothbeans
29.0,50.5,38.9,29.42,44.87,6.43,57.3,mothbeans
17.2,39.9,27.2,28.94,46.72,6.75,57.54,mothbeans
18.4,46.2,34.3,27.16,54.06,6.53,63.07,mothbeans
19.8,39.6,36.3,30.26,51.98,6.58,23.07,mothbeans
25.0,45.1,11.7,26.73,49.11,6.96,46.58,mothbeans
10.4,58.2,18.7,29.31,51.35,6.42,51.62,mothbeans
17.1,64.3,33.6,33.63,53.28,6.53,40.13,mothbeans
11.8,41.8,13.3,29.53,59.83,6.61,53.96,mothbeans
9.4,40.2,31.9,28.27,57.98,6.33,50.21,mothbeans
13.9,36.8,14.6,26.89,54.03,7.56,82.24,mothbeans
21.3,46.3,8.9,28.7,53.85,6.78,57.16,mothbeans
19.5,48.6,5.0,27.48,50.41,7.36,57.37,mothbeans
20.6,49.8,33.5,29.6,56.11,6.77,38.41,mothbeans
40.1,53.9,22.3,29.85,51.58,6.22,54.91,mothbeans
23.3,49.5,28.7,26.9,60.45,7.1,64.14,mothbeans
35.1,52.2,8.9,30.73,50.54,6.75,60.95,mothbeans
21.2,50.3,24.5,25.66,52.11,6.81,70.51,mothbeans
16.2,57.4,26.9,27.74,51.12,6.71,41.84,mothbeans
20.6,53.9,25.4,27.8,53.58,7.01,37.46,mothbeans
23.0,37.8,18.0,25.1,50.73,6.67,47.49,mothbeans
29.4,45.1,27.9,29.66,50.45,6.86,50.62,mothbeans
15.8,47.9,5.0,28.76,57.92,6.92,52.87,mothbeans
9.3,53.9,24.9,30.54,58.36,6.67,49.04,mothbeans
32.3,36.7,22.6,26.31,49.87,7.07,49.98,mothbeans
22.4,56.3,28.8,29.07,55.16,7.1,39.71,mothbeans
9.5,47.8,25.5,30.6,53.44,7.16,55.84,mothbeans
10.3,50.4,29.4,26.9,54.83,6.71,48.85,mothbeans
18.8,48.7,10.2,29.99,57.36,7.14,40.08,mothbeans
26.2,54.9,23.5,26.53,51.09,7.25,49.69,mothbeans
15.3,42.6,15.0,29.26,45.08,6.42,32.56,mothbeans
26.4,40.7,5.0,27.64,54.45,6.64,44.11,mothbeans
30.8,58.2,22.6,27.17,55.63,6.87,50.55,mothbeans
29.8,38.3,21.0,28.32,63.2,6.68,60.49,mothbeans
22.5,47.3,21.5,31.65,54.09,6.52,40.73,mothbeans
31.7,47.8,26.7,26.25,51.56,6.35,67.99,mothbeans
10.2,52.4,13.7,28.39,53.95,6.7,45.99,mothbeans
17.3,54.4,31.9,23.87,52.6,6.64,56.93,mothbeans
25.1,50.0,30.3,26.74,52.25,7.46,39.44,mothbeans
35.4,55.3,12.6,27.64,54.28,6.85,65.48,mothbeans
20.6,41.4,24.9,25.03,42.5,6.85,41.98,mothbeans
25.9,44.2,13.3,25.64,54.03,6.98,40.38,mothbeans
13.3,51.4,24.9,25.84,58.06,6.91,48.94,mothbeans
24.7,41.1,27.1,31.47,47.76,6.52,52.06,mothbeans
6.2,45.9,14.9,29.62,61.7,7.34,43.76,mothbeans
9.6,58.2,18.6,26.74,48.13,6.56,52.6,mothbeans
23.6,52.4,24.2,30.52,55.48,6.67,58.05,mothbeans
28.3,37.1,26.4,28.69,51.15,6.74,51.27,mothbeans
24.1,53.0,15.0,30.49,55.67,6.84,54.22,mothbeans
12.6,55.2,30.0,26.05,55.84,7.23,38.41,mothbeans
17.2,51.5,28.3,23.65,52.42,6.71,37.04,mothbeans
26.3,46.0,5.0,28.61,56.44,6.71,43.93,mothbeans
14.9,48.7,11.7,29.66,52.97,6.74,38.12,mothbeans
16.5,28.4,22.9,29.46,50.68,7.39,52.22,mothbeans
24.2,40.9,14.0,27.68,59.9,6.73,45.84,mothbeans
22.8,54.7,19.9,26.55,53.21,6.68,50.54,mothbeans
25.6,48.4,26.2,29.09,52.1,6.69,64.37,mothbeans
33.7,41.7,19.5,28.26,45.76,6.83,50.96,mothbeans
29.7,53.4,30.3,28.63,58.16,6.42,54.77,mothbeans
17.7,37.8,24.1,27.31,52.72,6.5,35.4,mothbeans
38.6,49.3,13.8,24.76,51.1,6.72,34.93,mothbeans
21.2,44.3,25.0,27.69,54.32,6.96,51.15,mothbeans
21.1,60.3,26.0,31.55,49.35,6.47,55.51,mothbeans
21.1,41.7,11.3,29.48,54.89,6.39,69.47,mothbeans
30.5,51.5,14.1,23.99,58.9,7.34,44.11,mothbeans
28.6,51.8,27.8,28.85,54.2,6.78,45.96,mothbeans
9.6,32.6,31.0,30.21,58.13,6.58,36.81,mothbeans
21.2,52.0,6.2,24.03,52.79,6.66,63.23,mothbeans
11.6,61.7,30.4,29.17,53.23,6.87,48.99,mothbeans
22.2,47.0,19.0,27.43,50.03,7.03,49.55,mothbeans
19.5,35.2,12.7,32.06,52.78,6.55,59.23,mothbeans
1.4,40.2,24.2,30.22,51.49,7.01,30.14,mothbeans
9.5,61.9,5.8,31.57,53.11,6.94,36.42,mothbeans
11.4,39.1,22.6,27.07,47.12,6.74,55.37,mothbeans
11.9,47.7,25.0,23.62,53.1,7.28,50.87,mothbeans
19.4,46.3,10.8,27.83,59.29,6.86,58.09,mothbeans
17.4,42.5,23.7,26.16,48.15,6.67,25.13,mothbeans
15.8,45.1,26.4,32.03,52.55,6.51,49.93,mothbeans
22.5,49.0,33.1,29.86,56.24,6.85,60.26,mothbeans
14.2,48.6,30.2,31.82,52.71,7.07,32.03,mothbeans
17.8,55.3,44.0,27.71,58.73,6.73,48.1,mothbeans
24.7,53.0,14.8,29.0,56.01,6.83,23.87,mothbeans
18.1,50.8,14.8,32.78,53.25,7.0,69.02,mothbeans
5.6,53.9,5.0,30.04,53.8,6.61,56.61,mothbeans
37.2,53.2,38.8,30.08,50.29,7.04,72.22,mothbeans
14.3,61.7,17.3,29.88,54.85,6.63,34.7,mothbeans
22.2,44.0,14.3,28.93,56.49,6.51,45.56,mothbeans
23.2,58.3,13.7,26.19,56.06,6.92,46.95,mothbeans
14.9,61.4,20.6,31.63,53.44,6.89,81.24,mothbeans
32.1,46.1,8.4,28.55,49.86,6.79,41.39,mothbeans
27.4,55.8,24.6,33.3,55.94,6.78,45.48,mothbeans
28.0,47.3,12.3,26.72,53.36,6.78,51.53,mothbeans
26.9,43.1,23.8,29.87,57.81,6.26,38.06,mothbeans
23.1,61.0,13.5,30.9,83.42,6.05,47.91,mungbean
22.6,51.0,21.0,27.9,84.24,7.05,33.06,mungbean
1.1,45.2,18.2,29.22,83.21,6.95,30.97,mungbean
25.1,44.7,27.6,27.24,81.81,6.75,39.07,mungbean
25.6,55.4,16.1,31.99,78.66,6.46,52.51,mungbean
0.0,38.8,16.4,29.16,89.35,6.62,44.81,mungbean
24.7,38.5,16.2,29.72,85.11,7.41,36.46,mungbean
8.8,50.8,9.3,29.12,80.97,6.75,56.48,mungbean
18.8,50.3,8.6,30.66,94.28,7.0,70.63,mungbean
19.4,51.3,30.5,26.37,83.96,6.55,54.82,mungbean
21.8,41.4,17.6,27.87,88.37,6.96,33.53,mungbean
15.9,40.2,27.0,32.57,81.54,6.63,49.22,mungbean
9.4,58.0,15.6,30.09,88.36,6.49,68.34,mungbean
24.6,55.1,9.0,28.68,80.34,7.49,50.11,mungbean
14.4,35.7,36.7,31.0,80.25,6.78,41.15,mungbean
30.3,49.6,5.3,29.68,90.52,6.82,64.33,mungbean
6.5,54.8,5.6,30.01,81.15,6.53,46.3,mungbean
36.6,53.3,30.3,28.18,80.18,6.4,27.08,mungbean
31.5,45.5,29.4,26.12,86.37,6.31,52.44,mungbean
22.0,42.0,36.4,29.63,88.14,6.7,50.08,mungbean
30.0,55.4,18.9,29.53,87.9,6.56,48.9,mungbean
26.3,47.2,7.2,27.81,88.64,6.76,35.59,mungbean
23.7,31.4,26.8,26.28,87.64,6.77,65.24,mungbean
18.9,47.5,25.8,29.29,81.41,6.45,48.74,mungbean
19.1,60.4,26.7,28.96,83.2,6.43,49.62,mungbean
14.8,47.6,18.7,28.72,85.14,6.81,49.55,mungbean
20.6,36.5,18.3,29.45,81.79,6.49,51.14,mungbean
0.0,55.5,17.8,25.04,86.77,6.69,36.43,mungbean
20.0,48.4,24.9,29.76,84.14,6.35,49.65,mungbean
25.4,51.6,27.2,30.31,88.5,6.31,37.71,mungbean
20.7,38.4,34.1,27.7,82.5,6.55,39.15,mungbean
16.0,42.9,5.0,26.64,95.0,6.73,77.09,mungbean
14.4,37.2,14.7,32.22,89.45,6.28,56.71,mungbean
24.2,54.7,24.7,29.61,83.34,6.65,28.91,mungbean
15.4,46.7,29.1,28.93,87.96,6.94,38.11,mungbean
13.8,34.4,23.2,28.72,84.16,6.63,39.83,mungbean
20.8,48.8,17.2,28.1,84.53,6.24,66.44,mungbean
26.0,58.6,8.7,29.02,86.25,6.46,57.8,mungbean
17.0,41.0,16.6,26.06,84.28,6.52,38.48,mungbean
20.3,56.5,29.3,29.23,91.08,6.35,47.08,mungbean
22.6,48.8,35.9,24.05,81.83,7.3,48.62,mungbean
17.1,45.0,28.4,31.11,87.89,6.62,46.71,mungbean
15.4,43.0,20.9,29.71,89.98,7.0,51.91,mungbean
12.0,46.1,12.9,28.96,79.43,6.88,40.83,mungbean
7.9,59.0,27.2,28.8,87.37,6.87,37.85,mungbean
27.0,36.7,9.6,30.6,91.63,6.43,39.54,mungbean
26.0,49.7,10.1,32.62,85.25,7.43,52.35,mungbean
34.5,44.0,15.4,25.86,89.55,6.61,47.69,mungbean
19.8,44.2,14.1,30.51,79.04,6.68,67.41,mungbean
11.1,38.2,17.4,23.37,80.52,6.57,23.66,mungbean
24.5,49.6,20.4,27.43,88.46,6.53,21.62,mungbean
18.5,49.4,5.0,28.11,85.08,6.75,47.71,mungbean
19.9,60.1,15.2,27.7,88.04,7.01,48.94,mungbean
29.9,51.4,14.3,30.31,87.98,7.15,37.06,mungbean
27.1,41.5,14.6,29.76,87.64,7.03,48.89,mungbean
22.8,38.1,10.8,28.95,88.23,6.63,46.65,mungbean
14.1,42.0,24.3,29.04,87.02,6.48,64.1,mungbean
14.5,46.5,5.0,27.76,85.54,6.63,64.81,mungbean
18.8,27.4,13.6,30.39,86.01,7.01,56.06,mungbean
19.0,52.3,23.4,27.88,81.62,6.67,55.43,mungbean
24.2,60.1,20.4,31.6,93.27,7.0,46.11,mungbean
17.0,47.0,27.6,29.0,91.25,6.74,52.0,mungbean
19.9,51.7,28.9,24.55,86.07,6.47,38.61,mungbean
36.1,50.8,8.4,26.75,87.34,6.71,53.55,mungbean
19.7,47.9,16.6,26.95,85.67,7.02,50.97,mungbean
15.1,57.8,5.5,26.86,88.44,7.22,51.56,mungbean
10.2,47.2,5.3,29.13,84.27,6.44,57.45,mungbean
19.9,53.4,5.4,29.79,88.78,6.32,53.15,mungbean
20.3,47.8,28.2,29.62,83.63,6.96,21.83,mungbean
13.8,47.0,25.7,26.94,86.86,7.05,29.78,mungbean
12.7,47.1,26.8,31.69,82.42,6.79,39.52,mungbean
32.8,47.4,9.3,27.86,89.06,6.9,42.47,mungbean
8.7,45.8,9.6,30.89,91.29,6.87,43.78,mungbean
13.1,53.3,22.4,30.38,76.79,6.84,67.97,mungbean
24.1,43.8,28.0,27.59,84.55,7.32,47.92,mungbean
16.3,39.4,14.9,28.54,89.71,6.41,53.05,mungbean
21.3,45.2,16.9,30.27,84.12,6.47,50.33,mungbean
32.8,38.9,6.3,30.08,83.42,6.61,45.58,mungbean
19.0,52.1,21.2,30.99,83.57,7.1,36.33,mungbean
6.7,42.0,13.1,25.54,85.48,6.7,61.69,mungbean
16.1,45.5,31.9,25.09,90.27,6.59,35.45,mungbean
28.0,45.4,18.3,31.35,91.13,6.91,53.69,mungbean
24.0,55.3,21.2,25.08,87.69,7.2,43.73,mungbean
30.6,55.0,17.8,27.04,84.5,6.35,52.49,mungbean
20.0,37.8,22.1,30.3,84.87,6.33,61.59,mungbean
23.0,47.7,28.8,30.07,87.83,7.25,51.11,mungbean
2.4,51.9,19.6,28.97,90.51,6.94,48.28,mungbean
20.8,49.1,28.2,31.27,79.49,6.41,45.98,mungbean
9.8,60.2,28.6,30.88,86.07,6.97,24.59,mungbean
33.9,30.2,23.8,28.28,85.23,6.94,48.95,mungbean
29.8,44.0,13.6,27.2,82.5,6.6,34.25,mungbean
30.5,52.0,22.1,27.44,91.5,6.7,33.61,mungbean
10.4,54.6,31.8,26.85,88.17,7.19,54.49,mungbean
29.3,40.1,24.5,29.75,85.7,6.27,61.34,mungbean
23.6,42.2,26.4,28.76,80.2,6.2,61.69,mungbean
34.3,41.4,14.3,28.02,87.98,6.95,81.14,mungbean
24.1,54.1,7.5,23.32,82.05,5.99,57.45,mungbean
31.6,49.8,12.1,26.69,89.53,7.11,62.34,mungbean
8.3,43.9,14.4,31.38,88.34,6.32,67.95,mungbean
14.5,43.9,21.4,27.41,80.31,7.18,56.82,mungbean
35.3,79.4,21.1,28.32,59.28,6.99,58.63,blackgram
44.5,61.4,9.8,31.19,60.9,6.91,77.26,blackgram
32.0,65.0,27.0,33.46,62.38,7.38,63.04,blackgram
38.2,55.3,28.7,30.08,61.0,7.08,98.6,blackgram
45.8,62.9,27.4,28.28,68.43,7.45,69.38,blackgram
37.8,81.1,7.8,33.04,58.49,7.19,65.68,blackgram
50.1,57.8,16.5,26.43,62.67,7.17,70.08,blackgram
52.0,58.3,17.6,33.31,59.17,6.81,59.15,blackgram
44.4,64.5,27.7,30.45,60.05,7.18,56.1,blackgram
31.1,73.4,25.4,30.3,65.73,7.48,72.76,blackgram
54.7,61.6,22.3,30.56,61.38,7.33,64.17,blackgram
39.6,69.5,17.7,29.96,58.87,7.34,55.75,blackgram
39.1,60.1,6.3,31.86,78.49,7.13,80.95,blackgram
43.4,66.7,31.6,29.92,69.19,7.77,58.86,blackgram
52.0,58.1,8.6,29.59,67.37,7.25,58.09,blackgram
45.5,62.5,12.9,30.02,68.88,7.28,78.96,blackgram
43.8,52.9,16.4,27.96,62.61,7.33,62.9,blackgram
44.9,57.9,12.9,29.97,63.6,7.25,84.53,blackgram
35.6,54.7,14.3,31.79,73.82,7.05,80.04,blackgram
42.0,70.1,17.0,29.07,69.54,7.12,67.21,blackgram
38.1,76.6,14.2,30.99,65.44,7.17,85.92,blackgram
48.3,59.9,22.0,26.79,68.1,6.96,57.45,blackgram
39.7,61.5,9.2,30.13,58.05,7.07,61.61,blackgram
37.6,75.2,9.8,31.91,66.13,7.06,67.62,blackgram
53.8,71.4,8.1,33.25,58.64,7.62,69.73,blackgram
47.5,68.5,6.9,31.4,64.27,7.15,80.25,blackgram
53.7,64.0,7.6,30.09,56.84,7.0,81.6,blackgram
43.9,72.3,29.1,32.59,65.98,7.44,68.23,blackgram
38.5,70.4,14.8,29.03,68.4,7.64,63.72,blackgram
49.5,76.2,27.5,30.63,61.39,7.74,62.77,blackgram
43.4,55.0,15.7,27.87,61.39,7.41,70.14,blackgram
46.8,66.7,5.0,27.32,63.04,6.92,73.84,blackgram
23.3,59.1,22.6,32.16,70.36,6.91,71.22,blackgram
35.5,68.2,26.8,29.28,66.42,7.83,75.06,blackgram
40.2,71.6,25.9,25.1,63.55,7.66,59.06,blackgram
41.2,56.0,9.1,27.98,66.29,7.11,64.91,blackgram
38.5,63.1,18.5,30.97,68.76,6.87,82.81,blackgram
32.9,67.8,7.4,28.8,54.71,6.84,53.3,blackgram
46.3,66.2,29.0,28.65,61.33,7.47,69.82,blackgram
48.0,64.0,19.8,30.9,67.26,7.36,53.75,blackgram
45.6,82.1,23.3,31.94,66.47,6.63,65.32,blackgram
38.1,67.9,13.7,26.86,64.0,7.02,76.79,blackgram
47.2,68.2,35.5,29.53,62.97,7.81,73.12,blackgram
35.6,66.3,17.3,28.02,72.12,7.12,78.74,blackgram
33.9,71.3,30.0,30.57,70.3,7.23,75.34,blackgram
39.2,67.8,17.5,29.43,68.01,7.32,78.24,blackgram
43.2,77.7,22.4,29.22,64.46,6.96,57.53,blackgram
52.0,75.7,27.8,26.29,64.21,7.14,75.78,blackgram
35.0,73.7,13.4,33.07,75.44,6.93,62.38,blackgram
42.7,69.6,21.0,30.66,63.98,7.05,68.95,blackgram
47.0,59.4,12.1,27.74,62.94,7.35,69.39,blackgram
34.4,68.2,22.9,28.8,64.56,7.12,40.11,blackgram
45.6,68.1,26.8,30.2,69.85,6.88,75.79,blackgram
37.0,68.7,22.7,29.32,67.83,7.04,71.96,blackgram
37.8,66.5,25.9,27.61,61.72,7.31,77.57,blackgram
36.6,72.6,30.5,34.21,64.85,7.5,75.85,blackgram
44.7,64.8,8.2,30.5,63.25,6.94,64.0,blackgram
52.6,72.8,14.9,33.85,64.46,7.09,73.82,blackgram
40.4,72.5,6.6,26.91,69.45,6.83,55.32,blackgram
35.6,68.4,18.0,31.96,63.47,6.25,67.23,blackgram
35.0,63.3,11.6,27.48,68.5,7.65,86.77,blackgram
32.0,63.6,15.7,31.23,69.56,7.36,91.92,blackgram
40.0,70.1,15.9,27.86,63.15,7.02,85.84,blackgram
27.5,67.2,9.4,30.75,66.48,6.93,79.57,blackgram
40.6,65.4,13.6,30.37,62.17,7.36,67.78,blackgram
34.3,70.8,19.2,34.38,62.25,7.18,73.46,blackgram
35.5,73.3,17.2,32.27,63.35,7.29,85.94,blackgram
34.3,76.5,15.5,28.69,63.37,6.79,88.34,blackgram
38.2,60.0,15.4,30.86,66.86,6.73,89.28,blackgram
44.5,61.3,18.4,29.54,62.3,6.94,88.97,blackgram
32.5,69.5,14.8,28.06,66.12,7.24,57.26,blackgram
44.5,67.5,17.0,27.78,63.87,6.47,62.49,blackgram
48.2,64.4,19.4,30.98,67.5,7.2,63.39,blackgram
33.9,63.4,14.0,27.55,71.9,7.34,66.04,blackgram
50.3,63.9,14.5,33.2,65.57,7.31,69.13,blackgram
43.8,68.7,14.5,28.36,70.94,7.29,74.98,blackgram
42.2,73.9,25.9,26.65,65.23,7.35,61.03,blackgram
45.0,59.0,22.4,29.82,63.75,7.54,47.58,blackgram
44.1,62.4,15.2,30.49,64.83,7.74,75.12,blackgram
42.8,69.0,15.2,34.42,70.7,6.96,70.64,blackgram
35.7,57.6,32.7,26.03,68.98,7.29,42.15,blackgram
41.6,61.9,15.8,28.26,65.34,7.24,75.55,blackgram
44.8,74.7,26.8,29.51,67.85,7.04,74.81,blackgram
49.2,60.8,24.2,29.47,66.23,7.53,63.57,blackgram
38.1,82.1,5.0,34.13,73.86,6.77,90.14,blackgram
39.2,61.8,21.9,27.45,66.24,7.53,71.81,blackgram
55.5,68.5,12.7,32.07,63.14,7.18,71.65,blackgram
47.7,57.9,28.6,28.27,71.09,6.94,93.31,blackgram
32.2,64.5,26.3,32.19,64.82,7.59,69.83,blackgram
47.2,67.1,21.8,30.07,57.65,7.17,59.82,blackgram
51.8,60.4,10.4,31.36,62.93,7.06,56.34,blackgram
41.5,67.4,15.8,30.36,61.28,6.67,44.08,blackgram
38.9,63.3,15.4,31.63,62.97,7.52,68.25,blackgram
44.0,71.2,15.8,27.71,51.93,6.59,71.52,blackgram
47.8,55.8,20.3,29.09,67.56,7.37,63.07,blackgram
41.1,69.4,17.3,24.93,65.15,6.93,57.38,blackgram
39.0,69.7,7.6,30.62,65.16,7.4,60.14,blackgram
38.3,67.0,10.9,29.94,62.0,6.94,57.6,blackgram
38.1,66.6,31.1,30.97,64.56,6.91,55.83,blackgram
46.5,70.3,23.8,31.34,72.68,7.56,78.44,blackgram
10.3,60.1,27.2,24.32,74.22,6.7,51.87,lentil
33.5,64.9,20.7,23.17,66.22,6.86,47.53,lentil
10.0,74.0,19.0,23.79,62.17,7.18,48.84,lentil
18.7,74.3,21.2,22.42,60.5,6.94,43.52,lentil
12.7,77.3,26.4,26.35,67.92,7.07,52.23,lentil
26.2,59.2,10.8,22.17,58.31,6.75,65.63,lentil
0.0,60.5,23.0,23.6,64.73,6.9,49.0,lentil
14.9,62.6,12.3,20.77,58.31,7.74,44.43,lentil
37.6,61.9,18.9,28.94,65.61,7.21,35.43,lentil
30.3,66.0,22.2,24.64,61.74,7.1,64.87,lentil
18.2,63.1,10.8,27.65,72.19,6.98,35.16,lentil
19.6,53.5,25.8,26.68,57.87,6.62,39.49,lentil
18.9,64.3,24.0,22.02,67.73,6.69,29.16,lentil
12.5,72.2,11.7,28.47,63.86,6.74,46.51,lentil
11.9,71.6,24.5,24.85,61.48,6.6,26.12,lentil
7.2,73.0,18.6,22.46,65.89,7.57,57.22,lentil
18.4,59.5,17.5,29.64,73.53,7.33,49.7,lentil
14.8,71.3,10.0,26.18,62.08,7.18,31.26,lentil
11.2,68.3,25.7,23.83,55.39,6.28,20.0,lentil
25.6,80.7,27.5,25.94,70.16,7.34,50.49,lentil
27.5,72.6,27.6,21.13,65.22,7.1,20.42,lentil
7.5,67.0,18.6,22.15,62.89,7.0,51.88,lentil
28.7,57.9,28.9,23.36,56.37,7.16,48.0,lentil
24.4,59.4,12.4,23.48,68.0,6.44,52.66,lentil
15.2,69.3,23.4,22.6,67.79,7.36,49.57,lentil
25.0,64.3,5.0,26.2,60.86,6.83,61.12,lentil
18.7,76.1,33.4,25.73,65.25,7.57,25.05,lentil
21.0,64.4,33.1,23.84,65.97,7.4,47.2,lentil
17.6,63.7,9.8,21.26,66.53,6.37,29.72,lentil
17.8,66.5,24.1,22.93,73.78,6.91,47.75,lentil
27.2,66.1,19.5,25.03,61.82,6.75,45.66,lentil
15.8,65.7,5.0,24.61,56.07,6.99,45.62,lentil
16.9,68.6,22.7,22.8,62.41,7.34,33.61,lentil
13.7,69.0,18.0,24.79,65.53,6.76,47.95,lentil
34.7,70.7,20.1,24.44,61.83,7.26,48.04,lentil
6.6,68.7,23.2,23.48,64.95,6.54,45.08,lentil
20.5,76.2,20.6,23.0,61.7,7.47,46.08,lentil
16.1,78.6,30.9,26.83,64.85,6.79,47.84,lentil
1.5,65.0,32.5,23.88,66.96,7.14,20.0,lentil
30.6,57.0,9.3,22.76,68.92,7.3,22.02,lentil
28.8,71.9,17.6,25.87,60.5,7.23,68.54,lentil
4.0,67.7,13.9,23.67,65.71,7.15,58.18,lentil
29.5,61.5,21.6,25.73,62.39,7.28,57.33,lentil
16.3,56.4,38.3,21.53,71.77,6.66,48.97,lentil
21.9,62.2,10.5,25.22,65.35,6.75,44.16,lentil
8.3,63.5,9.0,24.96,60.15,6.86,63.05,lentil
26.1,69.7,27.7,21.61,58.97,6.53,47.58,lentil
12.9,55.5,26.4,26.02,64.53,7.43,52.31,lentil
15.9,57.1,20.8,24.7,58.44,7.11,38.06,lentil
15.3,65.0,15.6,25.07,65.27,7.24,35.45,lentil
19.5,68.3,10.2,24.22,61.02,6.73,51.54,lentil
19.2,78.7,15.4,25.09,64.05,6.75,33.73,lentil
27.8,57.7,35.8,24.62,55.83,6.97,55.87,lentil
16.9,92.1,19.7,23.06,58.38,6.72,54.1,lentil
15.1,60.6,16.0,23.86,62.7,7.68,48.5,lentil
35.3,56.0,17.8,25.46,65.44,6.79,34.53,lentil
21.2,70.3,31.5,26.31,64.54,7.06,42.46,lentil
18.6,85.6,9.7,21.74,71.15,6.81,36.99,lentil
23.7,63.7,11.2,24.94,70.82,7.21,41.04,lentil
21.2,68.7,9.5,23.12,67.91,7.4,62.05,lentil
22.5,71.3,11.3,26.52,66.06,6.8,38.66,lentil
12.8,66.0,25.4,27.37,65.12,6.85,60.2,lentil
22.3,57.6,19.5,29.24,63.6,6.69,53.85,lentil
23.5,54.0,13.4,21.05,68.95,6.44,37.96,lentil
23.7,66.8,22.9,24.45,63.93,6.58,41.3,lentil
18.2,73.8,5.0,27.25,67.39,6.63,64.63,lentil
17.3,58.8,10.0,25.49,64.98,6.94,32.16,lentil
10.3,65.1,17.2,26.64,65.78,7.08,26.6,lentil
18.5,67.3,30.4,22.86,65.37,6.94,58.09,lentil
31.8,69.0,21.5,23.57,56.79,6.74,44.23,lentil
22.0,53.3,17.4,26.42,64.7,6.74,57.67,lentil
23.6,58.0,5.0,24.08,68.11,6.68,53.48,lentil
22.0,58.0,19.5,22.11,62.62,7.13,80.27,lentil
21.5,47.8,21.0,25.1,65.53,6.64,51.03,lentil
8.9,55.8,13.2,24.21,64.02,7.34,57.8,lentil
12.7,72.8,13.3,27.08,61.13,7.52,57.39,lentil
20.6,66.6,17.3,24.2,66.56,6.78,36.55,lentil
28.9,67.3,5.0,21.27,68.11,6.81,50.45,lentil
17.9,74.4,19.4,25.86,58.68,6.93,37.04,lentil
5.7,66.2,27.9,26.34,67.25,6.67,47.86,lentil
9.7,63.9,35.0,22.19,65.82,6.35,31.69,lentil
13.9,65.3,21.4,22.53,66.58,6.7,52.36,lentil
3.3,64.9,24.6,24.19,59.28,7.33,38.72,lentil
26.6,76.5,22.7,25.07,62.75,7.13,28.23,lentil
9.5,59.0,13.0,27.41,58.85,6.47,51.59,lentil
18.6,59.5,12.8,23.58,66.5,6.84,61.85,lentil
21.6,69.2,12.9,21.31,62.86,6.16,38.04,lentil
30.9,75.5,23.0,24.03,68.94,7.06,33.88,lentil
24.7,68.6,15.0,24.14,64.75,6.78,41.63,lentil
13.3,62.6,22.3,25.06,67.02,6.31,38.89,lentil
35.0,62.1,19.3,24.0,66.7,6.99,26.18,lentil
23.0,77.9,13.5,25.18,69.68,7.35,58.5,lentil
14.3,76.3,15.5,23.86,64.45,7.17,44.05,lentil
13.0,65.5,12.2,22.11,66.01,6.97,29.73,lentil
17.4,62.6,8.6,23.71,67.56,6.97,81.13,lentil
15.0,72.0,22.2,19.74,72.66,7.26,30.47,lentil
7.6,64.7,13.5,24.77,68.73,7.01,39.76,lentil
14.0,65.8,22.9,23.1,61.39,6.79,57.14,lentil
11.7,50.3,5.0,24.99,63.04,7.27,21.21,lentil
21.7,65.8,24.2,23.93,71.12,6.9,66.45,lentil
26.6,12.3,40.2,19.85,95.0,6.25,105.19,pomegranate
29.5,8.8,23.0,18.01,95.0,6.78,104.16,pomegranate
3.1,25.4,31.6,22.82,84.4,6.93,109.62,pomegranate
31.1,16.8,31.9,23.16,92.13,6.81,98.11,pomegranate
20.8,10.1,16.6,16.85,95.0,5.67,109.56,pomegranate
16.7,16.0,41.8,22.01,86.95,6.48,114.41,pomegranate
13.0,12.9,38.0,20.51,84.9,5.87,103.97,pomegranate
13.0,27.9,35.0,19.66,89.35,6.82,91.5,pomegranate
26.4,23.4,47.4,20.72,87.99,6.06,114.63,pomegranate
11.4,15.9,32.9,21.98,91.18,6.64,115.05,pomegranate
25.4,13.3,47.8,20.65,92.81,6.82,121.4,pomegranate
14.9,10.4,40.0,25.11,87.67,6.36,113.43,pomegranate
25.4,15.6,46.2,21.4,95.0,6.81,114.08,pomegranate
14.9,16.7,48.7,21.03,92.72,6.18,91.98,pomegranate
8.7,24.4,33.2,22.1,88.12,6.53,118.45,pomegranate
13.4,17.7,35.2,22.55,87.89,5.98,125.96,pomegranate
21.9,20.5,34.3,21.35,89.54,6.11,116.14,pomegranate
19.6,25.2,44.7,22.3,83.67,5.95,98.46,pomegranate
33.3,15.5,39.5,25.54,88.99,6.45,111.94,pomegranate
16.7,22.9,35.3,27.08,87.5,6.27,114.83,pomegranate
23.7,11.3,43.8,21.1,90.84,6.37,99.22,pomegranate
20.5,16.3,35.5,19.53,92.68,6.46,96.02,pomegranate
20.6,13.1,49.3,23.39,88.09,6.41,113.66,pomegranate
11.8,17.5,42.9,23.39,95.0,6.63,113.57,pomegranate
33.5,10.5,17.3,21.31,91.03,5.98,109.5,pomegranate
11.8,20.7,30.1,21.35,90.04,6.75,116.15,pomegranate
10.2,6.7,34.3,19.3,92.59,6.27,108.85,pomegranate
22.3,7.5,31.1,21.81,85.54,6.33,112.45,pomegranate
27.3,14.6,42.8,25.51,87.31,6.28,107.95,pomegranate
17.4,19.3,36.2,24.45,89.64,6.22,108.74,pomegranate
19.3,10.7,42.2,19.6,88.05,6.0,97.11,pomegranate
14.4,5.0,43.8,23.07,95.0,6.61,112.3,pomegranate
5.0,20.9,33.9,20.0,86.87,6.84,108.07,pomegranate
22.6,19.9,44.7,22.51,91.8,6.66,123.74,pomegranate
19.9,21.4,39.3,22.93,91.73,5.96,107.51,pomegranate
12.5,7.2,39.0,21.41,95.0,6.24,103.99,pomegranate
16.5,14.5,39.4,19.2,94.62,6.57,116.69,pomegranate
11.9,19.5,32.6,21.71,90.36,6.07,82.79,pomegranate
17.2,24.0,39.2,24.42,95.0,6.32,91.03,pomegranate
21.9,13.1,30.8,22.21,95.0,6.32,97.3,pomegranate
14.7,20.7,49.3,22.62,86.9,6.54,129.08,pomegranate
32.1,15.1,45.5,21.4,87.23,6.12,124.95,pomegranate
11.5,16.3,50.6,19.56,91.29,6.1,124.93,pomegranate
21.2,16.8,42.9,19.5,87.64,6.4,119.26,pomegranate
19.7,21.3,36.0,21.65,86.31,6.62,113.22,pomegranate
24.1,28.4,35.3,19.26,91.85,6.39,99.07,pomegranate
16.1,14.0,46.0,18.99,89.05,6.53,112.51,pomegranate
24.0,15.7,31.9,21.45,89.77,6.48,93.65,pomegranate
19.1,13.8,44.4,19.15,87.4,6.32,130.11,pomegranate
20.6,19.0,30.6,23.36,88.53,6.67,104.57,pomegranate
22.9,15.5,40.8,21.91,81.86,6.41,91.62,pomegranate
21.1,19.2,20.1,24.06,95.0,6.54,92.85,pomegranate
22.0,15.1,34.1,22.81,95.0,5.88,87.86,pomegranate
12.0,8.2,47.9,18.29,88.1,6.53,110.03,pomegranate
10.7,23.2,23.3,25.22,90.99,6.47,116.81,pomegranate
13.4,15.7,41.3,19.38,91.99,6.65,101.57,pomegranate
9.4,12.3,53.0,16.01,87.27,6.41,103.46,pomegranate
32.0,21.1,44.8,22.73,90.72,7.18,104.44,pomegranate
24.1,18.7,38.2,19.27,90.78,6.64,101.15,pomegranate
24.3,16.0,29.6,23.26,88.48,7.08,107.34,pomegranate
31.3,28.9,30.6,20.93,91.8,6.29,109.51,pomegranate
14.5,20.3,43.3,19.48,93.83,6.59,125.54,pomegranate
8.4,28.0,36.6,23.83,87.01,6.7,132.27,pomegranate
12.4,9.2,46.6,21.16,84.92,6.48,107.17,pomegranate
17.1,24.6,38.5,25.15,88.9,6.8,112.16,pomegranate
7.9,10.1,44.2,23.02,87.84,6.58,110.56,pomegranate
23.3,19.6,35.2,23.07,95.0,6.54,113.02,pomegranate
9.5,12.8,36.5,23.07,95.0,6.89,120.15,pomegranate
20.3,8.1,37.0,19.22,95.0,5.93,105.81,pomegranate
30.6,23.9,31.8,21.51,95.0,6.61,109.93,pomegranate
30.0,23.2,44.0,18.92,90.76,6.56,110.66,pomegranate
21.4,24.3,31.1,22.16,88.33,6.79,107.98,pomegranate
29.1,5.0,48.2,26.06,90.11,6.75,119.56,pomegranate
21.5,8.6,31.6,23.26,90.07,6.2,101.41,pomegranate
12.6,15.8,53.5,23.52,87.21,6.15,111.07,pomegranate
22.8,15.0,40.3,24.36,93.81,5.95,105.36,pomegranate
12.4,23.6,37.7,20.2,93.66,6.62,109.94,pomegranate
34.9,25.5,42.2,22.31,84.53,6.09,114.36,pomegranate
16.2,23.7,27.3,21.81,91.84,6.39,129.23,pomegranate
10.6,22.0,43.1,20.0,89.97,6.03,106.26,pomegranate
5.5,26.2,40.8,18.9,90.11,6.23,106.82,pomegranate
10.3,23.6,45.6,21.76,92.77,6.4,98.06,pomegranate
23.3,23.8,50.5,22.49,91.27,6.31,104.58,pomegranate
10.1,17.1,53.4,19.24,87.55,6.69,111.67,pomegranate
15.4,17.8,47.1,22.06,95.0,6.86,122.82,pomegranate
14.3,32.4,42.1,24.49,95.0,6.55,103.66,pomegranate
15.5,25.5,42.2,24.83,88.11,6.97,98.97,pomegranate
29.0,27.1,30.3,22.16,80.96,6.21,117.42,pomegranate
27.1,16.0,31.4,22.67,95.0,5.96,116.37,pomegranate
25.5,16.4,45.5,19.47,91.39,5.99,102.11,pomegranate
13.5,17.6,45.2,23.39,89.24,6.22,103.04,pomegranate
19.7,25.1,57.4,20.4,92.66,6.18,132.66,pomegranate
20.0,17.2,41.2,17.95,89.42,6.87,104.83,pomegranate
29.5,26.1,45.9,22.97,86.13,6.76,98.51,pomegranate
32.0,22.0,42.3,21.43,80.34,6.44,124.65,pomegranate
27.4,22.1,60.6,23.92,95.0,6.38,115.14,pomegranate
28.5,17.3,34.0,21.02,86.09,6.37,92.35,pomegranate
14.4,7.6,38.9,23.09,82.5,6.61,102.7,pomegranate
15.3,6.1,47.7,22.29,86.38,6.74,72.7,pomegranate
34.1,22.2,12.8,22.35,93.97,6.82,102.54,pomegranate
118.1,88.0,56.6,26.36,75.8,5.98,101.52,banana
95.8,85.0,36.3,28.53,79.72,6.26,122.22,banana
92.2,75.8,53.2,25.18,79.16,6.09,129.29,banana
97.9,83.9,53.1,28.0,74.89,5.91,111.47,banana
95.5,73.0,55.9,25.12,76.55,6.39,92.08,banana
95.5,79.1,29.4,26.62,81.07,6.27,99.09,banana
102.2,81.9,36.4,26.75,84.89,6.56,104.52,banana
97.5,82.5,55.3,27.27,80.95,6.2,143.72,banana
87.1,79.1,32.2,29.5,82.86,6.16,89.15,banana
95.1,78.9,43.5,28.7,80.93,5.93,105.96,banana
104.6,75.4,39.2,31.24,84.5,5.55,98.36,banana
97.1,74.3,45.7,32.32,84.03,6.22,104.14,banana
102.6,71.6,59.4,25.29,79.85,5.87,112.04,banana
91.4,77.4,43.2,24.72,80.36,6.43,125.37,banana
106.2,88.1,41.5,28.66,77.13,5.89,114.69,banana
85.2,83.3,51.2,24.35,80.93,6.23,92.91,banana
123.0,90.0,50.6,26.04,85.74,6.15,110.94,banana
99.1,79.2,51.9,27.48,80.31,5.75,110.11,banana
112.4,73.4,51.8,26.99,86.36,6.02,99.47,banana
104.8,72.8,56.5,27.63,85.91,5.5,106.1,banana
93.9,92.5,64.3,26.75,77.48,6.42,117.09,banana
103.5,80.9,45.2,23.54,80.19,6.57,94.3,banana
101.5,86.4,57.0,25.29,76.04,5.76,112.67,banana
102.9,71.4,53.0,28.09,80.67,5.93,98.77,banana
95.7,85.6,37.2,29.96,68.52,5.85,99.94,banana
93.5,84.2,43.8,30.64,80.88,5.78,96.32,banana
99.4,79.3,45.6,24.94,83.55,6.07,111.4,banana
92.8,81.2,30.5,27.67,74.24,6.11,115.83,banana
106.0,82.1,45.6,29.87,84.62,6.24,122.9,banana
100.8,74.0,53.9,29.36,82.12,5.9,104.9,banana
103.2,81.9,54.4,27.49,84.06,6.22,111.02,banana
109.0,88.1,47.0,26.28,78.21,6.1,85.62,banana
86.9,79.3,58.7,28.58,75.77,5.7,101.23,banana
91.5,75.9,54.9,27.11,88.85,5.93,96.37,banana
99.8,81.6,47.8,27.43,84.98,6.06,98.17,banana
99.2,80.6,29.0,27.77,83.85,6.22,108.86,banana
106.3,83.3,38.2,28.63,79.91,5.78,107.65,banana
107.8,85.7,54.1,24.8,81.82,6.1,88.05,banana
98.6,88.1,58.1,30.41,74.97,5.71,119.06,banana
111.3,82.0,54.8,26.24,81.07,5.89,89.73,banana
89.3,84.4,41.0,29.85,75.09,5.59,117.47,banana
94.6,88.8,40.5,27.53,82.04,5.76,86.61,banana
107.4,82.6,58.7,29.47,78.2,5.73,93.79,banana
125.1,73.0,47.8,28.49,74.65,6.12,96.62,banana
97.6,83.3,42.5,26.8,76.0,6.39,117.16,banana
102.4,93.0,42.0,25.2,78.55,5.66,89.94,banana
91.4,92.4,51.9,26.82,79.21,5.73,93.73,banana
98.7,85.5,56.2,29.77,79.45,6.27,97.46,banana
99.4,82.6,52.3,25.84,77.73,5.6,95.34,banana
88.9,79.1,53.9,28.24,84.93,5.94,119.94,banana
105.6,103.5,52.2,26.53,77.26,6.14,114.69,banana
106.6,80.6,41.6,28.67,75.69,5.97,107.28,banana
105.6,62.8,57.3,27.47,76.31,6.23,98.17,banana
92.9,78.5,47.3,27.31,82.39,5.47,100.64,banana
98.5,80.5,56.6,29.07,83.29,5.95,103.7,banana
96.9,83.1,46.7,24.63,75.47,6.0,95.56,banana
99.0,82.5,48.1,29.18,88.75,6.12,129.44,banana
92.8,83.5,40.4,26.7,79.7,5.88,96.63,banana
109.2,79.5,37.7,28.76,84.44,6.21,110.3,banana
79.8,78.3,48.9,25.53,85.18,6.09,98.61,banana
97.4,79.0,54.3,26.25,79.74,5.43,108.39,banana
87.7,85.2,61.3,28.23,70.68,6.14,89.57,banana
91.3,87.6,53.2,29.35,79.84,5.87,92.42,banana
93.5,85.5,30.1,26.17,80.53,6.77,102.75,banana
117.5,91.7,64.4,27.57,79.53,6.39,105.04,banana
113.0,87.7,40.4,25.24,81.35,5.93,124.6,banana
102.9,74.8,35.5,25.91,77.81,6.14,106.62,banana
95.6,85.9,42.5,29.73,86.73,5.56,110.61,banana
92.3,83.0,41.1,30.51,85.36,5.8,107.2,banana
93.9,71.7,43.3,27.11,83.6,6.32,95.55,banana
92.5,74.5,57.8,24.42,81.68,6.57,119.31,banana
98.2,83.5,33.4,26.97,82.7,5.92,102.19,banana
102.1,81.4,53.1,25.57,85.03,5.82,107.54,banana
102.6,76.5,54.9,23.94,78.83,5.79,95.66,banana
110.5,63.5,52.3,28.36,84.35,6.08,112.2,banana
99.8,73.0,56.3,30.56,81.87,5.89,115.96,banana
99.1,89.8,61.6,28.67,77.78,6.01,111.51,banana
107.7,80.9,63.5,27.91,79.53,5.74,119.3,banana
93.9,74.6,66.9,30.11,83.24,6.0,92.88,banana
107.6,90.5,54.3,24.16,83.13,6.04,108.51,banana
93.3,76.2,65.6,27.03,74.91,6.1,88.34,banana
97.5,71.0,45.9,26.77,78.44,5.96,109.84,banana
114.4,90.9,58.2,29.04,81.88,5.95,128.84,banana
102.3,77.0,48.3,28.97,79.54,5.8,68.21,banana
91.0,84.5,50.2,25.27,83.63,5.73,124.23,banana
96.6,75.9,53.2,26.38,84.58,6.45,103.06,banana
101.8,78.4,46.9,27.38,80.2,6.39,110.77,banana
89.7,75.9,54.5,30.15,86.31,5.43,107.69,banana
112.4,86.2,49.4,29.96,85.98,6.58,110.32,banana
94.5,82.1,45.5,27.21,78.39,5.22,120.07,banana
117.0,70.9,35.3,27.74,76.45,5.65,91.73,banana
97.3,83.5,40.8,29.23,77.59,6.06,101.98,banana
77.6,88.9,46.7,30.26,79.5,5.77,78.8,banana
103.4,79.8,47.5,25.3,78.52,6.25,126.1,banana
101.1,82.0,67.4,29.56,78.14,5.71,99.41,banana
110.5,86.4,43.3,24.82,78.57,6.6,124.95,banana
100.7,83.9,42.8,25.51,82.42,5.65,97.33,banana
107.0,70.0,50.6,26.73,86.19,6.2,118.21,banana
96.8,78.9,45.1,27.48,90.79,5.8,92.01,banana
94.7,77.6,44.4,26.3,84.8,5.96,93.85,banana
3.5,22.7,30.3,30.82,43.17,4.74,85.4,mango
24.7,31.1,47.8,34.01,46.44,6.15,80.04,mango
31.7,30.5,37.1,31.35,50.53,5.35,80.01,mango
17.3,24.2,30.4,29.67,53.96,5.9,98.37,mango
13.0,23.0,27.3,31.68,50.45,6.14,104.99,mango
29.0,16.8,33.5,32.05,55.06,5.6,93.17,mango
27.2,31.6,17.3,33.4,49.31,5.75,98.27,mango
31.5,39.3,24.1,28.35,52.86,5.67,98.61,mango
31.2,29.6,29.8,34.21,50.92,5.27,90.67,mango
25.6,24.9,11.5,28.96,45.23,6.35,104.19,mango
30.5,10.3,22.5,33.96,48.05,5.69,104.77,mango
13.5,24.8,25.1,34.22,52.93,6.12,89.47,mango
25.5,19.3,24.7,30.69,52.85,5.71,94.95,mango
25.3,23.8,47.2,30.94,44.53,5.78,92.02,mango
37.2,22.7,35.4,26.82,52.6,6.05,89.26,mango
37.1,26.2,32.3,29.08,46.12,5.88,69.77,mango
22.9,29.2,37.2,31.63,50.3,5.18,88.06,mango
7.8,24.7,31.2,31.42,57.92,5.48,96.89,mango
14.7,27.8,25.6,32.79,56.35,5.27,92.49,mango
25.0,5.0,10.0,33.08,52.82,5.46,96.45,mango
2.4,30.8,40.9,32.34,52.39,5.81,95.08,mango
17.7,33.5,41.4,31.61,47.42,5.92,79.62,mango
42.5,31.2,41.3,33.39,47.54,6.12,98.83,mango
11.7,35.6,34.9,35.4,53.24,5.74,115.63,mango
27.5,21.8,38.1,31.23,48.85,6.05,86.03,mango
22.8,29.5,29.7,31.41,50.97,6.01,104.31,mango
20.5,29.3,21.9,34.95,53.56,5.69,94.64,mango
19.2,31.5,24.5,27.77,47.2,5.43,88.46,mango
29.7,23.9,29.1,30.11,55.4,6.05,98.08,mango
16.1,27.0,19.6,36.69,50.67,5.65,87.34,mango
23.1,31.3,24.9,33.74,48.73,5.32,74.35,mango
21.7,27.2,18.9,34.1,45.13,5.75,82.81,mango
35.1,41.5,39.6,28.75,52.06,5.94,99.99,mango
13.8,40.5,33.7,31.23,44.91,5.85,114.69,mango
29.8,16.0,18.0,32.17,46.17,5.55,89.8,mango
16.8,19.4,21.8,28.32,52.23,5.57,88.27,mango
33.5,42.0,17.9,28.88,48.71,5.94,84.96,mango
23.3,28.5,14.6,31.05,47.41,5.8,84.78,mango
21.7,19.8,27.7,27.67,58.28,5.75,91.33,mango
27.7,22.6,9.3,32.69,49.83,5.93,70.81,mango
14.5,19.4,13.5,30.11,52.5,5.91,85.3,mango
16.5,19.1,16.2,34.18,55.53,5.89,90.54,mango
0.0,31.7,35.8,30.51,51.75,5.87,82.86,mango
17.2,24.0,25.6,28.78,49.17,5.47,80.26,mango
11.7,15.8,25.1,32.12,48.52,5.73,85.73,mango
17.8,27.4,26.2,30.08,46.66,5.72,77.05,mango
20.2,39.0,33.8,30.02,52.12,5.56,90.96,mango
31.8,15.7,32.0,28.83,40.14,5.58,110.37,mango
19.2,27.0,34.8,30.09,46.05,5.54,68.59,mango
16.4,25.6,27.3,33.1,55.97,5.69,91.29,mango
14.1,25.4,20.2,32.42,44.84,5.85,109.45,mango
22.1,37.6,18.3,29.27,48.33,5.62,97.66,mango
8.3,26.3,37.4,32.43,52.95,5.52,90.59,mango
22.2,18.2,22.7,30.44,47.59,5.91,81.54,mango
13.0,39.6,29.7,30.45,49.15,5.73,92.77,mango
27.6,31.9,35.4,32.69,44.43,6.07,81.74,mango
21.2,27.8,42.7,30.79,44.02,5.62,115.98,mango
22.6,26.1,26.3,29.34,48.53,5.64,78.3,mango
8.1,42.6,28.6,28.22,52.08,5.83,106.1,mango
19.2,27.3,32.9,33.16,45.14,5.66,90.72,mango
17.7,27.6,30.1,32.98,46.31,5.46,120.22,mango
34.2,31.0,33.2,29.89,52.47,6.09,69.18,mango
25.8,29.9,24.6,30.1,49.8,5.61,87.99,mango
15.4,28.8,24.9,34.05,44.54,6.11,91.17,mango
12.0,20.1,27.0,33.11,54.13,5.99,97.59,mango
16.4,19.3,26.6,29.99,55.28,5.33,61.69,mango
17.9,32.0,33.1,29.59,49.94,5.79,120.66,mango
24.3,17.5,43.0,29.8,45.44,5.87,78.59,mango
25.5,31.7,33.8,34.33,48.56,5.74,99.85,mango
19.5,24.8,27.2,30.91,57.46,5.68,104.52,mango
30.1,23.4,24.8,29.87,47.12,6.03,111.99,mango
17.7,34.0,24.4,31.62,49.94,5.66,80.93,mango
18.6,31.1,23.3,28.43,46.86,5.82,80.09,mango
8.3,29.8,26.5,29.79,56.2,5.12,90.52,mango
13.2,34.3,24.3,35.37,51.83,6.06,87.51,mango
11.5,36.1,32.8,32.1,45.71,5.77,99.23,mango
6.4,26.6,38.1,32.5,53.89,5.68,79.59,mango
22.2,31.4,23.5,30.36,49.48,5.58,120.35,mango
30.3,29.5,37.2,29.6,52.43,5.35,77.36,mango
28.9,37.5,36.8,32.28,44.33,5.92,92.26,mango
10.6,29.1,25.5,31.88,50.26,5.43,91.41,mango
16.0,27.1,18.7,33.2,49.75,5.75,83.38,mango
23.0,29.7,20.2,29.36,58.61,5.67,73.94,mango
31.8,38.3,23.0,30.84,53.2,4.9,84.26,mango
21.6,19.7,29.0,32.76,55.8,5.54,103.22,mango
6.6,43.5,20.6,30.21,49.27,5.96,84.13,mango
15.7,29.5,34.4,32.12,47.65,6.16,106.75,mango
16.2,19.9,30.4,27.93,46.41,5.7,104.05,mango
20.2,28.0,22.9,29.59,45.57,5.64,84.85,mango
19.0,28.3,14.5,31.96,45.84,6.19,70.46,mango
23.2,25.9,17.9,32.19,56.53,5.57,76.15,mango
28.4,35.0,31.5,29.6,51.09,5.57,106.2,mango
20.8,36.2,10.1,32.48,49.81,6.32,108.59,mango
31.2,30.8,28.4,31.99,55.59,5.66,110.56,mango
13.9,16.4,44.3,28.27,53.55,5.59,92.99,mango
9.1,48.4,32.3,29.43,43.52,6.31,100.53,mango
8.8,25.9,28.9,29.1,51.34,5.14,91.71,mango
27.4,27.0,31.8,28.79,42.08,6.1,80.97,mango
30.1,14.5,18.2,30.2,58.33,5.49,79.55,mango
26.0,25.5,20.9,32.65,56.35,5.96,110.71,mango
23.2,126.3,205.0,24.66,83.73,5.47,76.22,grapes
29.4,125.7,202.2,28.58,83.49,5.68,65.4,grapes
44.7,122.7,195.5,25.46,77.21,5.88,59.77,grapes
25.5,124.0,205.0,24.27,86.53,5.74,67.94,grapes
17.1,125.3,205.0,24.11,84.36,5.95,91.32,grapes
14.3,138.5,205.0,23.5,81.89,6.71,48.45,grapes
13.3,132.2,194.2,23.05,77.11,6.16,83.68,grapes
19.0,134.1,195.2,20.58,84.86,6.13,67.31,grapes
18.8,124.5,192.7,22.9,81.3,6.04,80.88,grapes
41.5,117.8,195.8,23.16,92.56,6.33,76.48,grapes
18.1,124.5,205.0,25.22,83.48,5.7,59.11,grapes
16.1,133.2,195.9,21.0,87.1,5.93,59.27,grapes
22.4,123.4,205.0,20.16,77.4,6.04,69.88,grapes
13.1,138.4,202.3,19.99,83.75,5.58,66.66,grapes
10.9,135.9,196.8,25.17,77.13,5.57,43.97,grapes
36.3,125.5,205.0,22.88,76.88,6.59,67.92,grapes
34.6,131.5,201.3,24.4,82.1,6.02,74.92,grapes
19.8,131.2,202.6,24.61,86.09,6.2,62.66,grapes
21.7,142.0,205.0,25.77,81.08,6.1,66.83,grapes
32.3,131.8,188.0,25.26,79.02,5.89,73.96,grapes
31.0,130.5,201.8,24.73,81.2,5.82,54.16,grapes
23.7,139.1,188.1,22.22,77.86,6.32,76.4,grapes
22.8,141.7,193.5,26.02,83.43,6.2,70.3,grapes
20.2,133.3,197.3,24.5,77.1,6.34,71.22,grapes
24.8,145.0,205.0,24.22,81.08,5.93,80.69,grapes
16.6,136.3,205.0,24.6,79.65,5.85,79.23,grapes
22.5,143.3,200.3,24.47,81.03,6.05,51.81,grapes
29.3,140.6,191.0,24.14,84.77,5.36,58.15,grapes
20.4,138.4,204.0,23.84,78.34,5.44,33.41,grapes
24.6,128.3,196.2,23.9,86.5,5.94,72.75,grapes
15.2,128.8,205.0,24.53,81.11,5.91,58.83,grapes
19.2,138.4,201.2,24.34,92.34,5.83,87.24,grapes
18.6,131.8,188.6,21.73,80.58,6.16,96.67,grapes
21.2,135.4,205.0,24.32,85.63,5.47,58.76,grapes
23.5,135.8,199.6,20.62,83.97,5.88,63.28,grapes
19.7,121.7,199.5,23.57,83.67,5.87,79.18,grapes
10.3,132.1,190.9,21.54,82.57,5.94,68.91,grapes
39.0,122.8,205.0,24.66,82.73,6.0,67.04,grapes
28.2,142.0,194.0,19.29,84.86,6.04,58.2,grapes
23.7,126.5,194.9,25.58,79.48,6.15,53.53,grapes
31.8,129.7,194.5,23.12,76.48,5.66,77.71,grapes
30.7,134.8,197.3,21.58,77.13,6.03,63.76,grapes
24.9,124.6,189.0,23.99,81.66,6.42,90.21,grapes
24.7,128.3,186.5,26.12,81.34,5.94,91.6,grapes
21.7,133.4,199.4,24.78,82.5,5.87,69.16,grapes
33.5,125.5,201.0,26.27,85.81,6.21,45.96,grapes
20.0,130.3,192.0,22.54,78.26,5.98,71.15,grapes
22.8,132.6,198.7,24.02,79.49,6.09,45.29,grapes
23.5,143.9,179.6,24.89,82.47,6.42,76.95,grapes
27.4,139.6,203.8,23.32,81.14,5.52,54.67,grapes
32.9,141.6,203.7,23.45,81.66,5.74,52.63,grapes
15.2,133.8,205.0,20.85,80.53,5.65,68.81,grapes
21.1,134.7,181.6,27.86,87.7,6.16,76.34,grapes
7.6,132.2,205.0,21.44,87.63,5.7,67.0,grapes
30.7,128.0,205.0,23.27,71.72,6.54,65.46,grapes
27.3,133.5,196.1,23.6,80.24,6.46,70.37,grapes
24.3,135.3,205.0,22.5,81.45,6.19,66.25,grapes
19.0,138.0,199.2,25.53,81.42,5.65,70.2,grapes
31.6,134.4,205.0,25.31,82.2,5.91,65.46,grapes
25.3,142.2,205.0,21.82,80.42,5.27,68.15,grapes
20.8,134.1,195.5,22.08,81.42,6.22,81.46,grapes
16.1,133.5,205.0,23.75,80.1,6.08,76.28,grapes
20.4,135.8,194.6,22.29,87.38,6.02,66.07,grapes
43.5,131.7,193.0,24.14,77.39,5.87,57.18,grapes
22.6,125.1,204.9,26.63,81.77,5.92,77.67,grapes
9.1,135.6,194.2,25.15,77.84,5.89,82.09,grapes
15.0,130.9,202.3,19.75,83.06,6.02,79.06,grapes
29.3,132.2,205.0,24.5,83.23,5.93,65.4,grapes
32.0,129.0,193.6,24.76,90.27,5.62,79.72,grapes
19.5,128.9,198.3,25.03,80.56,5.91,73.03,grapes
21.7,132.7,205.0,22.01,80.32,5.79,65.67,grapes
23.3,132.4,192.3,25.24,79.26,6.08,85.99,grapes
32.4,136.3,203.7,27.4,78.5,5.96,73.79,grapes
27.6,128.1,194.3,23.97,78.71,5.89,65.56,grapes
27.4,143.1,205.0,24.77,84.93,6.29,58.2,grapes
24.0,123.9,205.0,25.77,80.09,5.88,82.67,grapes
29.0,132.1,198.4,22.67,81.2,6.21,71.29,grapes
17.7,133.2,205.0,22.83,88.57,6.04,55.65,grapes
32.5,130.0,205.0,24.15,81.76,5.8,80.17,grapes
48.9,132.1,198.5,24.33,83.83,6.05,67.38,grapes
20.2,145.0,190.1,24.98,81.02,5.77,78.96,grapes
33.7,137.1,205.0,26.37,83.35,6.42,65.49,grapes
39.8,128.2,185.3,24.1,84.52,5.8,62.68,grapes
14.8,123.6,203.7,24.68,83.48,6.03,53.36,grapes
23.8,120.8,205.0,24.93,81.96,6.0,85.67,grapes
13.6,131.2,189.8,21.65,80.04,6.07,85.49,grapes
13.5,125.6,195.8,22.99,78.84,6.18,75.65,grapes
24.8,131.5,192.8,25.92,79.13,5.88,53.65,grapes
21.7,128.0,205.0,21.46,75.85,6.22,61.53,grapes
11.9,133.3,205.0,24.1,81.38,6.5,59.63,grapes
27.6,141.6,205.0,26.79,77.78,6.55,68.64,grapes
29.2,133.6,198.0,21.68,90.87,5.55,57.6,grapes
29.5,118.9,186.8,20.69,85.49,6.48,59.71,grapes
12.0,116.5,189.4,19.75,77.27,6.46,62.94,grapes
41.7,125.6,194.3,28.11,88.61,6.01,69.3,grapes
18.6,134.6,199.3,24.17,78.05,6.27,77.52,grapes
17.6,121.9,204.6,25.31,85.6,6.28,72.26,grapes
14.2,132.9,180.6,24.75,84.61,5.9,63.32,grapes
22.8,134.4,200.8,21.19,83.3,6.17,61.95,grapes
25.3,134.7,198.0,25.92,89.23,5.98,68.6,grapes
99.1,25.9,59.9,23.8,80.16,6.29,30.71,watermelon
90.1,19.5,49.4,25.33,90.81,6.22,55.69,watermelon
96.5,22.5,56.3,23.55,90.01,6.72,30.74,watermelon
83.6,17.0,49.6,25.58,82.63,6.16,37.98,watermelon
95.2,15.4,57.4,27.82,86.93,6.53,62.15,watermelon
94.8,7.4,42.7,28.47,84.94,6.2,43.68,watermelon
96.4,14.2,28.5,25.36,82.34,7.03,63.3,watermelon
109.4,17.8,41.0,23.02,74.47,6.95,43.87,watermelon
94.6,23.6,55.4,21.43,87.87,6.59,61.12,watermelon
104.9,15.8,61.9,28.07,87.94,6.92,43.57,watermelon
85.3,19.0,60.4,25.38,80.64,6.55,43.72,watermelon
90.6,15.8,49.5,29.01,81.89,6.09,47.23,watermelon
92.4,18.1,55.7,28.67,91.0,6.85,38.15,watermelon
102.9,12.6,56.7,27.79,86.65,7.14,58.54,watermelon
99.7,26.4,50.6,25.94,82.52,6.59,43.02,watermelon
89.4,23.4,53.6,24.63,90.97,6.5,61.93,watermelon
98.1,24.8,33.3,22.38,79.73,6.78,36.93,watermelon
101.4,10.0,57.1,25.32,89.45,7.1,78.37,watermelon
107.5,13.2,50.1,27.38,84.34,6.41,54.0,watermelon
98.9,26.6,33.8,27.99,82.66,7.0,61.32,watermelon
89.6,14.9,60.6,27.77,84.7,6.29,54.12,watermelon
104.2,5.0,60.0,23.51,86.48,6.52,62.14,watermelon
84.7,25.9,48.1,25.99,86.19,6.14,49.15,watermelon
96.1,11.4,61.5,26.42,93.18,6.39,54.52,watermelon
103.8,7.4,52.9,24.49,77.41,6.54,48.76,watermelon
110.4,6.9,52.9,23.7,83.64,6.56,58.88,watermelon
108.6,25.2,43.5,26.03,77.77,6.84,43.66,watermelon
96.3,13.3,52.7,22.96,87.12,6.24,42.44,watermelon
97.6,17.4,43.3,23.7,82.49,6.8,40.39,watermelon
99.6,24.5,46.1,24.82,86.73,6.2,47.33,watermelon
110.4,12.3,48.7,24.13,84.4,6.12,66.94,watermelon
106.6,15.1,43.5,27.35,79.87,6.24,60.31,watermelon
91.0,26.9,41.2,23.86,78.2,6.15,39.95,watermelon
103.6,17.4,42.3,23.48,85.96,6.35,36.07,watermelon
100.4,10.5,56.8,27.38,83.42,6.7,48.84,watermelon
86.6,5.0,58.0,26.23,85.32,6.35,46.61,watermelon
84.1,11.0,50.7,26.41,88.27,6.23,53.65,watermelon
105.8,27.2,62.8,26.34,78.48,6.24,41.24,watermelon
132.2,22.3,54.6,23.99,87.33,7.15,69.09,watermelon
83.9,19.0,48.0,27.8,88.12,5.55,39.11,watermelon
87.7,28.1,54.8,22.83,80.55,6.53,46.63,watermelon
99.1,16.1,51.7,25.11,77.9,6.33,38.83,watermelon
97.9,18.5,32.9,22.98,81.75,6.64,51.07,watermelon
91.0,11.9,49.5,25.43,83.47,6.13,44.04,watermelon
96.6,13.2,67.6,26.6,85.51,6.4,80.09,watermelon
101.0,25.7,49.4,26.46,93.67,6.52,58.22,watermelon
96.9,18.3,59.6,26.23,88.16,6.29,46.86,watermelon
86.0,12.6,47.7,25.72,80.32,5.85,37.51,watermelon
93.0,23.8,39.8,27.62,90.62,6.41,36.96,watermelon
86.6,24.0,56.8,26.5,79.71,6.43,52.7,watermelon
92.8,21.2,52.2,26.6,85.83,6.38,48.26,watermelon
104.0,31.4,47.9,25.47,85.82,6.67,70.73,watermelon
108.8,27.5,58.9,24.27,88.89,6.4,37.89,watermelon
82.6,5.0,38.2,23.59,84.61,6.85,62.2,watermelon
96.4,21.1,51.1,26.54,84.74,7.17,54.49,watermelon
108.7,20.1,60.8,26.97,85.81,6.81,56.46,watermelon
99.3,22.8,51.9,27.35,91.65,6.38,30.86,watermelon
101.0,11.3,60.2,26.59,81.64,6.14,53.5,watermelon
92.6,17.3,39.7,29.51,87.03,6.69,69.66,watermelon
95.6,33.7,56.6,24.9,82.68,6.77,50.48,watermelon
101.6,7.9,61.9,22.93,79.34,6.45,48.63,watermelon
103.1,20.0,62.2,26.15,87.07,6.17,48.56,watermelon
100.3,6.6,47.7,21.29,81.21,5.82,59.15,watermelon
114.3,23.4,48.2,24.45,83.92,6.53,64.92,watermelon
102.7,11.0,48.9,26.26,80.64,6.56,60.93,watermelon
93.0,5.0,46.2,23.81,86.89,6.75,53.13,watermelon
99.1,6.6,41.7,26.53,81.28,6.57,66.55,watermelon
92.5,18.7,47.0,29.45,91.95,6.29,33.0,watermelon
116.1,11.3,41.9,26.69,92.74,5.98,51.68,watermelon
99.0,12.2,51.8,26.43,82.87,6.55,60.73,watermelon
85.1,23.0,48.3,24.83,85.27,6.55,57.57,watermelon
96.1,6.3,60.7,23.04,83.51,6.13,57.06,watermelon
91.9,26.0,47.4,25.21,82.8,6.21,68.68,watermelon
100.5,13.2,51.6,21.58,89.43,6.2,40.71,watermelon
102.3,15.2,58.0,25.41,88.23,6.85,43.58,watermelon
102.2,18.7,46.7,25.37,88.7,6.1,52.91,watermelon
95.7,14.3,47.7,25.24,84.19,6.63,30.8,watermelon
106.8,14.0,41.8,27.82,86.95,6.33,50.82,watermelon
108.6,23.1,40.7,25.6,85.12,6.39,62.02,watermelon
98.8,21.6,37.2,26.01,85.86,6.11,44.49,watermelon
104.3,16.1,44.7,25.68,82.91,6.09,43.23,watermelon
100.7,19.4,63.7,22.4,85.96,6.31,29.71,watermelon
106.7,5.0,57.0,27.46,88.49,6.41,82.09,watermelon
101.6,13.2,51.4,25.34,93.01,6.91,33.04,watermelon
83.0,13.4,56.6,24.92,90.23,6.2,47.34,watermelon
94.8,19.6,54.5,30.71,87.5,6.83,61.16,watermelon
94.3,17.5,45.3,27.32,83.96,6.68,30.8,watermelon
109.0,21.2,41.9,24.34,85.89,6.53,66.02,watermelon
99.1,15.0,55.1,22.37,93.45,6.55,31.9,watermelon
106.5,24.8,35.5,24.62,86.78,6.0,62.52,watermelon
96.2,11.7,52.8,33.42,79.82,6.11,63.52,watermelon
97.2,15.2,57.7,25.04,87.97,6.25,46.94,watermelon
100.7,12.5,61.9,24.68,84.21,6.15,58.82,watermelon
101.8,21.0,55.4,25.33,83.81,6.56,65.82,watermelon
108.3,7.9,56.2,26.15,84.72,6.71,55.99,watermelon
101.8,11.8,31.6,29.54,83.01,6.41,77.55,watermelon
84.1,22.6,53.2,23.86,82.74,6.19,31.97,watermelon
99.8,18.6,60.6,26.2,92.33,6.52,62.21,watermelon
105.4,28.1,47.1,24.52,80.18,6.32,51.5,watermelon
109.1,15.2,48.8,23.65,78.44,6.53,65.97,watermelon
94.3,33.3,58.3,29.02,95.0,6.11,34.11,muskmelon
95.9,12.7,53.1,26.13,95.0,6.61,21.32,muskmelon
104.8,23.7,47.4,29.5,93.89,6.41,36.2,muskmelon
91.6,21.9,56.9,25.22,95.0,6.38,40.03,muskmelon
107.9,13.5,63.2,30.54,95.0,5.96,35.32,muskmelon
107.5,21.5,60.9,27.94,91.16,6.62,31.01,muskmelon
101.4,22.3,53.3,30.49,92.94,6.42,41.34,muskmelon
90.8,13.3,49.1,28.64,89.83,6.29,20.0,muskmelon
115.0,17.9,40.6,27.93,90.53,6.51,20.0,muskmelon
115.6,10.5,48.7,29.29,93.36,6.77,20.0,muskmelon
108.6,26.9,49.3,27.86,92.55,6.17,20.0,muskmelon
95.3,14.3,43.7,27.65,88.6,6.13,26.57,muskmelon
91.9,9.1,55.3,29.92,91.41,6.45,23.5,muskmelon
100.8,5.0,46.5,27.75,95.0,5.65,20.0,muskmelon
87.3,31.9,38.8,32.66,92.84,6.76,20.0,muskmelon
112.4,17.8,50.5,28.44,94.56,6.4,20.0,muskmelon
90.4,17.7,43.5,27.97,93.86,6.59,42.25,muskmelon
102.4,7.9,40.0,30.84,95.0,6.55,20.57,muskmelon
86.7,15.1,53.6,29.84,82.6,6.63,29.21,muskmelon
108.7,16.6,42.5,30.27,89.67,6.45,27.96,muskmelon
95.1,27.1,40.1,28.12,90.99,6.31,20.0,muskmelon
86.9,9.3,60.9,27.66,90.36,6.66,45.43,muskmelon
99.3,14.7,59.0,32.72,91.95,6.03,20.0,muskmelon
100.8,18.2,49.3,27.05,85.27,6.24,20.0,muskmelon
104.9,12.9,58.7,28.34,93.79,6.31,20.0,muskmelon
103.4,21.5,58.3,30.47,92.28,5.98,24.13,muskmelon
97.7,21.4,55.3,26.39,95.0,6.51,20.0,muskmelon
97.3,14.2,42.7,28.41,94.5,6.21,24.05,muskmelon
100.4,22.6,58.1,28.86,95.0,5.87,31.65,muskmelon
90.5,17.5,51.0,29.42,95.0,6.34,20.0,muskmelon
96.3,19.8,43.5,32.35,95.0,6.28,29.9,muskmelon
97.8,30.5,34.8,30.66,87.22,6.4,37.94,muskmelon
96.1,11.6,44.2,28.64,91.99,5.99,20.0,muskmelon
95.3,13.1,49.2,29.14,89.24,6.87,51.52,muskmelon
105.7,19.3,41.5,29.58,91.22,6.46,20.0,muskmelon
98.3,11.5,44.2,26.28,93.85,6.56,20.0,muskmelon
82.6,21.5,54.0,31.16,87.77,6.8,62.79,muskmelon
96.4,5.0,38.1,30.67,95.0,6.12,20.0,muskmelon
82.0,7.6,47.7,27.8,86.52,6.15,20.09,muskmelon
91.6,5.0,50.0,25.31,94.24,6.64,22.61,muskmelon
105.6,25.8,56.9,27.37,94.64,6.31,23.71,muskmelon
97.1,15.4,55.2,24.68,91.92,6.12,26.23,muskmelon
95.0,27.4,58.9,30.63,92.89,6.42,29.65,muskmelon
111.7,23.7,45.8,31.37,95.0,5.99,34.07,muskmelon
88.8,14.5,48.1,28.03,93.92,6.25,21.51,muskmelon
90.0,9.9,50.4,29.25,91.54,5.89,37.38,muskmelon
101.2,15.2,57.1,28.48,91.71,6.48,42.97,muskmelon
99.1,29.0,57.7,26.63,94.02,6.05,25.63,muskmelon
98.4,11.4,60.2,28.98,95.0,6.4,21.29,muskmelon
98.5,11.2,60.9,30.24,85.98,6.34,20.0,muskmelon
93.2,16.2,50.1,27.97,93.86,6.42,29.87,muskmelon
98.7,14.7,51.7,31.66,95.0,6.14,36.56,muskmelon
100.2,5.0,51.5,29.2,87.53,6.45,53.29,muskmelon
114.2,16.9,48.6,30.57,95.0,6.16,34.44,muskmelon
105.4,8.8,50.1,29.74,95.0,6.62,30.03,muskmelon
96.6,20.8,46.1,30.88,93.52,6.31,20.0,muskmelon
91.0,28.9,67.6,29.9,93.12,6.07,20.0,muskmelon
102.8,21.0,53.7,28.14,92.57,6.24,25.26,muskmelon
96.3,21.2,44.9,29.5,84.4,6.3,20.0,muskmelon
94.9,21.0,41.6,30.12,93.28,5.95,20.0,muskmelon
100.6,20.5,59.1,27.95,87.45,6.65,27.36,muskmelon
91.1,24.4,48.3,31.88,91.01,5.92,20.0,muskmelon
96.5,5.0,61.0,30.24,91.09,6.31,20.0,muskmelon
102.2,18.8,45.6,29.99,86.6,6.65,41.7,muskmelon
101.5,15.6,57.0,27.99,91.66,6.9,26.85,muskmelon
104.0,16.6,56.8,26.67,95.0,6.31,20.0,muskmelon
114.1,22.1,57.7,22.96,95.0,6.47,26.8,muskmelon
102.1,11.0,43.4,30.47,95.0,6.66,37.21,muskmelon
98.8,5.0,47.9,31.62,93.74,5.99,20.0,muskmelon
101.9,15.6,52.4,30.97,88.28,6.67,30.17,muskmelon
107.9,12.4,55.5,26.77,95.0,6.58,39.56,muskmelon
92.2,18.0,56.3,28.42,92.91,5.77,21.88,muskmelon
100.8,19.4,55.1,30.39,95.0,6.13,43.4,muskmelon
98.0,28.7,59.9,27.65,95.0,6.38,20.0,muskmelon
107.0,17.6,41.8,30.58,86.82,5.75,23.58,muskmelon
98.2,19.9,50.6,27.28,89.12,6.28,25.0,muskmelon
95.6,21.6,58.4,29.1,94.11,6.23,20.0,muskmelon
97.4,21.6,42.3,27.46,93.57,6.34,36.52,muskmelon
95.8,15.8,35.8,29.05,88.07,6.62,28.09,muskmelon
93.4,14.5,36.8,27.27,95.0,6.45,20.0,muskmelon
93.4,22.0,31.3,29.11,95.0,6.58,20.0,muskmelon
112.8,24.2,61.6,31.03,91.92,5.83,22.81,muskmelon
88.0,10.7,54.6,26.95,94.45,6.31,25.23,muskmelon
98.0,24.2,56.1,29.05,90.11,6.75,20.01,muskmelon
94.9,17.3,51.8,27.53,92.09,6.58,20.0,muskmelon
100.9,10.5,48.7,31.5,95.0,6.78,20.0,muskmelon
106.5,21.6,56.4,28.81,90.41,6.84,23.65,muskmelon
111.9,23.7,50.2,26.53,95.0,6.74,20.0,muskmelon
89.1,16.6,46.7,26.7,95.0,6.07,20.0,muskmelon
87.3,32.4,52.0,27.82,95.0,6.42,41.98,muskmelon
98.9,7.0,55.0,31.43,95.0,6.14,20.0,muskmelon
111.8,5.7,68.8,26.73,92.82,6.48,21.67,muskmelon
93.4,21.7,63.8,27.67,92.24,6.13,20.0,muskmelon
96.2,14.5,47.2,28.49,95.0,6.45,20.0,muskmelon
107.0,15.2,57.5,28.66,87.88,6.79,26.33,muskmelon
115.7,22.7,53.5,26.23,95.0,6.56,32.19,muskmelon
90.0,12.3,58.1,29.38,93.79,6.32,36.86,muskmelon
93.8,16.7,54.9,27.61,93.52,6.32,20.0,muskmelon
92.4,17.3,43.0,31.78,89.56,6.7,29.41,muskmelon
99.2,25.9,47.5,31.2,89.1,6.44,44.27,muskmelon
32.6,120.4,198.7,26.7,91.04,5.77,76.64,apple
9.5,138.1,197.0,24.07,86.67,5.95,114.38,apple
17.0,143.3,204.9,21.98,94.56,6.46,100.4,apple
31.7,135.9,197.9,21.57,90.83,5.79,94.2,apple
14.3,131.4,192.6,23.22,93.16,6.28,99.71,apple
25.2,132.2,200.8,23.46,89.38,5.99,106.62,apple
27.2,134.8,205.0,20.5,94.49,5.87,126.42,apple
24.0,127.5,201.7,19.21,91.91,6.03,97.28,apple
26.2,137.3,193.8,25.67,87.77,5.64,103.85,apple
13.3,144.8,205.0,17.77,92.07,5.89,118.07,apple
15.8,142.1,203.4,21.22,89.12,5.87,90.06,apple
34.0,130.1,202.3,25.44,88.99,6.11,103.69,apple
29.5,145.0,205.0,21.36,93.21,5.68,117.79,apple
28.3,134.6,205.0,18.67,95.0,5.72,105.37,apple
6.7,131.2,205.0,22.58,95.0,6.13,102.31,apple
13.0,131.8,201.3,21.02,95.0,5.95,92.93,apple
19.2,133.8,198.8,25.88,92.25,5.94,97.0,apple
5.0,138.2,205.0,26.21,90.09,6.19,106.79,apple
16.3,134.5,196.4,22.86,90.27,5.25,101.57,apple
0.0,127.3,197.7,21.06,91.45,5.82,100.46,apple
23.7,140.9,196.4,22.74,89.95,5.89,122.24,apple
19.7,131.0,201.6,22.62,83.87,6.06,116.72,apple
31.5,132.1,199.1,23.12,93.34,5.67,102.03,apple
25.2,125.6,199.7,23.75,90.85,5.97,102.14,apple
21.0,141.9,201.8,23.35,85.72,5.71,109.18,apple
11.1,138.8,202.2,24.13,92.17,5.99,100.28,apple
24.2,128.8,195.0,20.73,91.7,5.41,104.65,apple
17.9,135.6,189.2,19.15,84.87,6.12,102.91,apple
18.9,134.0,195.4,21.97,91.47,5.71,103.03,apple
17.1,129.2,197.5,26.01,93.04,6.06,124.05,apple
17.9,136.3,193.2,20.16,91.56,6.02,112.94,apple
18.8,129.1,186.7,24.69,92.38,5.79,137.24,apple
22.1,135.3,191.4,22.17,84.13,6.28,105.59,apple
22.0,134.3,200.2,25.95,86.74,6.01,127.11,apple
19.5,132.0,205.0,24.43,92.36,5.58,113.47,apple
23.3,139.1,203.7,22.22,85.74,6.22,128.42,apple
11.5,125.4,193.3,23.26,87.02,6.01,116.76,apple
15.0,145.0,203.3,24.64,88.34,6.49,135.07,apple
27.2,133.6,205.0,20.33,95.0,5.83,113.29,apple
12.7,134.7,198.3,24.17,94.08,6.7,124.49,apple
29.9,131.0,205.0,25.2,89.81,5.6,122.7,apple
16.3,139.6,202.2,21.26,95.0,6.04,133.39,apple
19.9,130.6,205.0,21.49,95.0,6.04,115.66,apple
30.4,127.4,191.0,22.68,94.82,6.01,108.17,apple
18.3,140.4,193.8,19.88,95.0,5.62,124.86,apple
14.5,132.0,193.6,19.83,94.88,5.98,106.1,apple
21.0,137.9,190.9,19.48,90.12,6.03,110.46,apple
17.7,132.7,201.7,19.89,80.26,6.41,108.75,apple
11.5,140.2,189.6,24.45,87.88,6.06,102.78,apple
23.7,140.5,201.7,20.21,92.63,5.87,94.26,apple
24.9,131.0,194.2,22.67,95.0,6.03,108.25,apple
9.2,129.6,179.0,22.25,95.0,6.41,118.03,apple
5.7,140.1,194.1,19.28,94.46,6.25,106.1,apple
17.9,137.7,201.3,20.0,88.55,5.67,99.24,apple
14.0,142.1,196.9,21.45,95.0,5.55,103.96,apple
17.3,134.7,200.4,22.6,94.07,5.81,114.69,apple
0.0,132.2,190.1,22.85,93.86,5.81,104.71,apple
24.8,135.7,188.9,24.13,95.0,5.99,97.51,apple
22.3,144.4,191.9,22.07,94.93,6.02,128.25,apple
23.4,130.1,202.6,23.94,89.16,6.08,114.69,apple
31.9,131.0,205.0,24.71,91.64,5.72,104.49,apple
25.1,131.9,205.0,25.96,95.0,6.24,109.96,apple
10.9,121.0,205.0,23.06,88.67,6.31,95.25,apple
9.1,145.0,186.8,23.05,88.4,6.3,113.45,apple
18.1,132.8,205.0,24.68,92.17,5.65,96.03,apple
19.4,134.5,205.0,24.46,95.0,6.02,107.58,apple
19.6,137.7,194.2,21.6,94.21,6.02,126.28,apple
16.4,128.3,197.8,21.79,95.0,5.75,130.31,apple
22.3,131.5,199.9,20.96,95.0,5.85,112.08,apple
29.3,135.6,205.0,24.69,94.77,6.53,114.17,apple
23.2,125.2,194.1,26.57,95.0,5.43,120.88,apple
31.8,145.0,203.8,23.34,95.0,6.23,109.28,apple
25.8,135.3,197.0,23.05,88.46,6.28,96.65,apple
19.8,138.0,205.0,21.5,92.9,5.71,118.61,apple
24.3,131.0,199.7,20.71,90.42,6.19,107.7,apple
22.0,128.3,205.0,24.07,92.15,6.08,115.55,apple
6.6,136.5,205.0,19.28,90.58,6.16,116.22,apple
16.0,136.9,190.3,22.3,93.91,5.6,111.22,apple
12.0,134.3,194.4,21.17,91.98,6.2,114.49,apple
28.4,139.7,194.6,22.19,90.39,6.24,126.54,apple
22.7,129.8,187.4,19.49,95.0,5.63,120.16,apple
16.5,133.7,205.0,23.77,89.59,5.91,113.67,apple
35.1,115.5,191.7,22.78,88.8,5.96,104.25,apple
14.2,128.6,205.0,23.6,91.06,6.34,107.91,apple
0.0,139.2,205.0,21.03,92.24,6.17,111.65,apple
27.6,128.4,192.6,23.2,82.59,6.11,107.65,apple
16.4,133.9,196.7,22.64,91.36,5.29,93.4,apple
19.5,141.2,205.0,23.33,94.91,5.72,111.86,apple
14.4,124.6,179.7,21.02,92.14,5.68,119.87,apple
2.3,145.0,205.0,24.85,89.89,6.15,109.63,apple
37.7,132.8,180.7,22.15,86.87,6.14,141.87,apple
19.8,139.4,186.3,24.22,94.18,5.7,105.71,apple
24.3,125.1,189.5,22.79,93.63,5.88,123.75,apple
18.3,130.9,194.7,21.34,94.41,5.27,103.83,apple
18.9,123.4,191.0,21.25,84.31,6.17,101.64,apple
37.6,135.8,185.3,22.81,92.39,5.51,101.06,apple
40.6,122.0,205.0,23.1,95.0,6.19,107.79,apple
34.0,143.3,185.8,20.53,94.03,6.11,110.07,apple
24.2,134.4,205.0,24.64,89.93,5.4,116.41,apple
17.7,118.8,199.1,24.27,95.0,6.03,116.04,apple
20.3,9.7,16.0,17.93,95.0,6.75,113.95,orange
17.1,14.7,20.0,23.63,90.99,7.0,100.47,orange
22.6,9.8,20.5,24.51,95.0,6.63,110.25,orange
22.5,18.6,12.1,24.25,91.25,7.09,108.79,orange
4.3,23.5,17.7,25.63,93.72,6.71,104.67,orange
23.5,9.6,11.8,24.25,95.0,7.18,103.02,orange
8.0,9.0,5.1,25.58,85.72,7.14,108.79,orange
19.9,23.3,17.5,25.58,92.0,6.83,104.19,orange
20.7,19.6,5.0,23.31,93.69,7.44,100.99,orange
30.3,28.3,8.0,20.07,91.78,6.8,107.82,orange
32.4,5.3,14.1,18.51,95.0,6.79,106.98,orange
25.0,22.5,10.4,21.19,94.43,6.78,99.75,orange
20.7,16.9,20.0,27.07,93.49,7.74,121.73,orange
15.7,12.3,5.0,19.67,95.0,6.67,117.71,orange
19.5,20.2,5.0,25.15,90.7,7.35,110.91,orange
31.4,33.2,5.7,23.18,95.0,6.75,123.23,orange
13.1,9.8,5.0,24.19,95.0,7.18,122.89,orange
19.6,23.3,9.3,21.32,94.99,6.9,123.02,orange
16.9,17.7,5.0,21.18,84.74,7.1,109.04,orange
30.7,14.0,5.0,18.24,85.91,6.81,102.6,orange
17.1,10.7,8.1,22.79,89.97,7.32,121.79,orange
7.8,17.1,27.8,19.9,95.0,7.37,107.29,orange
14.4,16.6,5.0,22.01,92.97,6.97,104.49,orange
13.6,21.6,6.8,21.01,87.72,7.13,120.51,orange
8.4,19.0,9.7,25.54,93.59,7.03,112.14,orange
14.9,15.0,11.0,23.07,89.82,7.37,102.43,orange
4.7,9.4,20.9,21.28,90.77,7.24,117.32,orange
17.1,21.8,18.5,20.95,93.93,7.21,115.74,orange
21.5,20.7,6.9,22.33,95.0,7.75,121.99,orange
14.8,25.6,5.0,23.3,94.38,6.9,108.1,orange
5.8,14.3,6.2,22.16,95.0,6.87,121.32,orange
14.3,16.8,5.0,23.34,95.0,6.66,147.84,orange
14.8,6.5,6.3,20.45,92.14,6.54,114.86,orange
15.5,27.6,11.5,22.42,95.0,6.98,94.4,orange
20.2,6.1,16.7,23.24,85.99,7.05,110.69,orange
34.6,13.9,5.0,21.3,91.32,7.17,104.95,orange
10.9,5.0,6.4,23.49,92.09,6.85,109.19,orange
25.4,18.9,11.5,25.23,95.0,7.25,85.8,orange
18.2,17.4,27.6,23.0,95.0,6.95,120.17,orange
27.3,25.2,6.5,21.28,87.89,7.18,125.15,orange
18.2,16.3,7.0,20.21,90.19,6.71,95.92,orange
24.8,14.8,8.8,21.71,89.65,6.62,128.64,orange
27.5,5.2,5.0,24.1,88.77,7.16,98.47,orange
25.4,20.8,26.9,21.85,84.77,7.15,115.55,orange
21.5,9.2,6.2,24.72,93.29,7.16,118.54,orange
28.3,16.9,5.0,23.09,93.36,6.8,131.67,orange
19.2,17.5,15.2,26.16,90.38,6.64,100.78,orange
13.1,9.0,9.2,19.71,88.9,7.0,112.43,orange
25.5,17.2,5.0,21.44,95.0,7.64,125.11,orange
8.9,21.0,5.4,21.14,89.32,7.35,102.7,orange
24.0,11.5,5.0,21.69,95.0,6.63,114.0,orange
20.0,7.5,5.0,25.33,92.15,7.64,116.73,orange
30.7,22.9,17.7,20.51,95.0,6.98,130.41,orange
12.5,17.4,5.0,20.41,95.0,6.95,123.25,orange
23.8,14.5,5.0,19.97,89.44,7.34,117.73,orange
28.6,21.9,5.8,26.7,92.35,6.89,110.49,orange
42.4,17.2,11.8,23.84,88.79,6.74,110.88,orange
22.9,25.9,11.3,20.34,95.0,7.0,109.65,orange
0.0,21.2,20.2,21.97,90.71,7.62,112.68,orange
10.9,14.4,17.5,19.76,90.27,7.47,102.31,orange
38.4,5.1,19.8,22.88,93.05,7.07,131.5,orange
20.7,17.0,5.0,24.97,82.9,6.77,97.6,orange
13.4,24.1,5.0,17.38,95.0,7.61,118.2,orange
20.4,24.4,5.0,22.43,89.42,6.99,113.69,orange
26.9,12.2,14.7,20.23,88.15,6.95,92.48,orange
25.5,22.0,12.0,20.33,90.62,7.5,95.21,orange
10.6,12.4,19.4,20.55,95.0,6.99,108.58,orange
12.5,16.1,21.4,22.56,95.0,6.96,100.88,orange
7.4,26.1,22.9,24.89,94.91,7.2,101.48,orange
21.7,14.0,16.0,23.2,91.01,6.82,112.23,orange
31.4,5.6,5.0,22.69,90.29,6.88,92.97,orange
32.9,13.2,5.0,21.01,88.05,6.73,97.4,orange
26.2,20.2,15.3,21.18,90.92,7.09,127.75,orange
6.8,17.1,14.2,24.42,89.65,7.3,123.86,orange
31.0,7.0,10.7,26.56,92.34,6.79,111.68,orange
16.5,27.5,22.3,26.95,89.07,7.2,117.97,orange
5.8,22.7,7.6,22.99,86.24,7.29,103.87,orange
23.0,8.5,5.0,17.94,92.15,6.83,103.78,orange
20.3,11.4,5.0,23.96,90.97,6.9,103.71,orange
21.8,28.6,14.2,22.98,95.0,6.88,85.16,orange
19.4,22.8,13.5,23.4,94.93,7.16,114.66,orange
24.6,10.9,8.1,21.98,95.0,7.19,129.87,orange
20.9,12.5,18.2,21.95,82.1,6.84,109.41,orange
23.6,16.6,12.5,26.33,88.29,6.81,109.19,orange
21.5,14.2,16.5,22.27,90.19,7.38,86.75,orange
37.0,18.7,8.2,19.39,95.0,6.78,107.99,orange
28.1,30.9,5.8,23.65,95.0,7.0,108.93,orange
37.2,19.3,9.6,23.69,95.0,6.92,98.43,orange
15.4,20.8,14.3,25.79,95.0,6.81,112.54,orange
8.4,8.2,5.0,22.83,92.92,6.83,100.65,orange
13.8,12.0,10.6,20.63,91.44,6.91,114.58,orange
11.4,13.7,12.4,25.34,85.2,7.11,106.54,orange
18.1,12.1,10.6,26.29,92.27,6.9,113.17,orange
13.8,10.5,23.5,22.62,90.42,7.06,127.21,orange
25.6,17.2,10.3,21.0,94.28,6.87,101.49,orange
27.2,24.5,18.4,19.8,87.96,6.92,111.04,orange
19.5,20.7,5.0,23.78,93.93,7.31,100.18,orange
27.3,34.2,8.8,22.48,87.77,6.77,138.82,orange
6.8,22.2,21.4,21.04,90.07,6.91,114.57,orange
38.5,12.3,9.8,25.26,95.0,7.01,118.81,orange
32.3,66.9,56.7,34.45,95.0,6.8,152.67,papaya
42.9,64.3,53.6,35.32,85.73,6.31,137.89,papaya
41.6,60.8,62.0,37.2,95.0,7.28,119.07,papaya
40.3,59.3,65.3,34.05,90.39,6.66,142.23,papaya
42.7,60.1,39.9,34.47,93.3,6.68,135.03,papaya
47.7,68.6,43.6,35.13,93.26,6.42,134.66,papaya
54.4,60.6,41.5,33.65,93.28,6.34,140.84,papaya
53.6,54.8,41.5,31.61,92.51,6.19,148.94,papaya
43.3,54.2,66.3,34.36,95.0,6.83,151.74,papaya
52.0,64.8,60.7,29.84,90.85,7.13,144.95,papaya
41.9,64.7,55.4,34.28,95.0,6.67,136.11,papaya
57.4,64.8,46.8,34.19,95.0,6.65,129.0,papaya
32.4,56.4,59.2,33.36,93.36,6.83,139.72,papaya
55.8,63.4,38.8,33.42,91.82,7.05,150.71,papaya
46.3,75.0,49.6,34.17,93.96,7.2,164.62,papaya
64.6,70.1,54.6,38.2,88.04,6.57,158.48,papaya
33.5,65.5,53.2,33.58,90.6,6.66,143.78,papaya
62.4,67.5,48.8,34.55,95.0,6.59,146.11,papaya
65.5,65.2,45.8,34.3,89.79,6.7,109.66,papaya
41.1,59.5,40.1,31.15,87.95,6.7,132.3,papaya
48.3,65.6,54.6,32.02,92.5,6.79,142.26,papaya
56.4,52.9,48.4,33.28,95.0,7.11,145.29,papaya
55.9,61.6,64.6,30.03,95.0,6.65,150.7,papaya
61.3,64.8,70.5,32.37,95.0,6.93,148.38,papaya
46.5,62.1,49.7,33.89,89.49,6.72,164.1,papaya
48.0,61.2,61.0,34.14,89.93,6.45,149.08,papaya
36.1,59.2,47.7,32.33,90.09,7.38,135.07,papaya
44.2,60.4,46.6,32.95,86.41,6.87,128.68,papaya
53.1,43.4,50.7,36.33,90.9,6.87,134.23,papaya
54.0,65.1,55.6,29.41,90.71,7.19,149.1,papaya
55.8,53.2,65.3,31.5,87.87,6.81,145.15,papaya
45.1,65.0,53.9,33.19,84.57,7.08,130.34,papaya
39.9,68.7,47.8,32.84,90.55,7.17,146.15,papaya
48.3,48.5,45.3,33.59,95.0,6.48,147.22,papaya
55.5,46.3,49.7,33.95,87.13,6.7,130.27,papaya
50.3,64.8,57.4,35.22,94.02,6.77,143.7,papaya
50.6,67.2,52.4,32.07,90.4,6.73,144.09,papaya
53.2,61.0,52.0,32.1,92.01,6.66,155.18,papaya
67.6,53.0,47.4,32.51,89.94,6.47,137.14,papaya
49.8,54.4,36.8,31.35,95.0,6.3,164.19,papaya
52.2,73.7,87.2,34.49,92.62,7.19,142.37,papaya
56.7,61.9,48.7,30.9,92.63,6.55,142.28,papaya
58.9,57.6,62.9,30.84,93.68,6.13,131.78,papaya
45.1,63.4,57.8,34.05,91.07,6.65,138.05,papaya
49.9,53.7,41.9,31.63,91.25,7.38,137.98,papaya
35.2,59.3,54.5,34.23,93.24,7.22,142.26,papaya
41.2,63.5,40.4,34.97,95.0,7.12,126.63,papaya
48.7,65.4,57.0,31.54,88.05,6.84,143.24,papaya
67.0,63.1,52.2,30.95,91.29,6.13,150.05,papaya
47.3,66.5,56.1,37.53,89.96,6.34,150.98,papaya
44.8,61.5,48.1,35.28,94.07,6.97,124.49,papaya
54.8,60.1,59.8,33.82,85.88,6.82,136.05,papaya
55.9,54.6,45.2,35.25,95.0,6.72,150.69,papaya
47.7,59.1,52.4,37.79,94.7,6.74,142.85,papaya
25.2,58.0,50.0,35.68,85.83,6.82,136.67,papaya
65.5,69.6,52.4,34.03,90.9,6.96,121.66,papaya
59.7,52.1,42.5,35.35,92.04,7.05,148.65,papaya
49.7,57.0,64.6,34.48,93.42,6.65,140.76,papaya
60.6,64.5,47.7,35.07,95.0,6.44,126.27,papaya
44.7,59.4,53.7,33.65,95.0,7.26,138.18,papaya
56.3,61.3,55.7,33.71,95.0,6.99,157.21,papaya
50.6,68.9,46.1,34.47,95.0,6.46,132.61,papaya
57.1,47.8,45.0,38.21,95.0,6.22,133.18,papaya
45.9,64.5,34.1,35.45,89.77,6.82,134.27,papaya
46.4,59.9,47.1,33.98,95.0,7.28,141.57,papaya
52.0,51.3,35.9,36.96,95.0,6.32,117.6,papaya
42.9,65.4,44.3,35.62,92.56,6.75,136.04,papaya
45.2,49.1,48.1,37.0,88.72,7.36,126.8,papaya
44.5,68.5,34.0,35.01,90.55,5.98,148.75,papaya
47.4,53.1,55.8,34.32,90.98,6.84,145.32,papaya
53.3,55.5,44.4,32.33,91.21,6.52,131.89,papaya
46.1,54.8,43.0,35.26,87.09,6.55,149.83,papaya
37.0,59.1,46.1,32.2,85.41,6.08,128.56,papaya
50.9,44.9,35.9,30.34,95.0,6.74,139.52,papaya
36.6,59.1,53.6,35.26,90.76,7.09,137.22,papaya
52.5,60.9,41.0,34.93,95.0,6.7,158.64,papaya
60.3,54.5,48.5,33.15,87.99,6.59,122.18,papaya
57.9,53.8,52.6,32.6,93.47,6.8,148.66,papaya
62.1,60.6,46.0,32.85,87.47,7.11,123.93,papaya
51.1,78.4,49.8,33.02,87.05,6.51,122.16,papaya
51.6,60.5,51.6,34.3,88.52,6.74,161.63,papaya
42.6,63.2,43.3,32.96,88.96,6.46,133.08,papaya
50.3,45.6,48.8,33.02,95.0,7.28,133.24,papaya
56.9,49.0,40.0,34.87,89.2,7.22,149.57,papaya
45.2,61.7,56.0,40.36,87.98,6.9,133.09,papaya
49.2,51.9,61.2,31.81,92.96,6.3,136.03,papaya
41.9,57.7,45.4,35.4,90.24,6.52,145.98,papaya
38.0,66.2,46.3,32.16,95.0,7.09,136.33,papaya
37.2,57.1,53.9,32.9,88.77,6.37,150.54,papaya
42.8,72.0,41.3,32.44,93.71,6.65,149.29,papaya
45.5,51.7,47.6,29.88,95.0,6.4,141.52,papaya
47.7,49.9,50.6,31.47,83.81,6.77,140.33,papaya
58.1,54.5,52.6,35.56,95.0,6.76,138.54,papaya
55.9,60.1,48.9,35.45,90.33,6.43,150.49,papaya
56.1,55.9,64.3,31.79,88.92,6.93,141.03,papaya
42.0,60.6,36.2,33.49,90.88,6.86,150.13,papaya
59.4,61.3,51.2,35.98,88.87,6.3,133.89,papaya
38.7,50.0,44.6,35.19,94.73,6.61,153.45,papaya
45.3,53.7,56.0,31.74,93.99,6.94,157.28,papaya
48.7,60.8,46.5,34.8,91.03,6.82,136.09,papaya
15.7,12.4,27.3,25.71,95.0,5.87,191.76,coconut
5.6,12.2,24.6,29.62,95.0,5.47,174.64,coconut
24.9,16.7,34.3,25.45,92.88,5.6,167.72,coconut
25.0,12.4,22.3,29.14,93.43,6.1,174.55,coconut
22.0,8.0,27.4,27.17,92.48,6.04,174.69,coconut
17.1,11.8,41.4,23.95,84.71,5.94,181.11,coconut
18.8,15.8,48.0,29.57,94.79,6.09,170.88,coconut
14.6,5.0,24.1,24.97,95.0,6.0,187.57,coconut
22.0,6.0,16.3,27.3,91.61,5.9,179.48,coconut
20.2,12.9,43.5,23.52,93.67,6.28,162.67,coconut
25.6,20.1,23.8,28.68,88.17,6.54,189.97,coconut
18.0,13.9,34.5,29.09,92.76,5.39,187.97,coconut
18.8,14.0,21.1,28.27,89.69,6.23,171.16,coconut
0.0,22.4,42.1,28.14,87.78,6.08,200.24,coconut
28.7,19.8,29.8,27.22,95.0,6.23,163.7,coconut
18.8,23.6,32.7,33.94,86.95,6.34,173.85,coconut
0.0,10.7,35.5,27.97,91.39,5.64,180.94,coconut
17.7,5.0,37.9,27.25,94.29,5.53,181.04,coconut
17.5,8.0,26.8,28.05,95.0,6.18,152.75,coconut
6.7,21.2,45.7,24.52,90.0,6.58,166.15,coconut
21.4,24.8,12.7,30.5,93.14,6.63,184.22,coconut
13.1,22.2,40.1,26.92,95.0,6.02,188.96,coconut
5.7,13.8,23.4,29.44,95.0,5.61,194.12,coconut
22.0,5.7,33.3,31.27,90.45,6.38,160.28,coconut
27.1,9.5,32.8,26.72,93.56,5.56,169.27,coconut
7.7,27.2,31.7,25.54,95.0,5.78,139.19,coconut
6.2,16.2,42.6,26.92,94.78,6.12,157.6,coconut
22.0,21.2,28.2,28.04,95.0,5.97,169.74,coconut
22.4,5.0,29.8,31.0,95.0,6.29,172.79,coconut
28.8,25.1,30.6,24.02,95.0,6.27,191.24,coconut
19.4,13.1,17.5,24.7,89.14,6.44,159.65,coconut
24.1,19.6,26.6,30.48,95.0,5.64,181.68,coconut
16.9,14.9,16.6,27.14,95.0,6.34,156.84,coconut
21.8,13.8,40.7,25.6,95.0,5.88,142.89,coconut
30.5,12.7,41.4,26.14,91.46,6.03,176.34,coconut
5.3,23.8,16.2,24.66,90.97,6.02,161.41,coconut
34.3,6.9,37.2,29.31,94.1,6.02,192.74,coconut
20.8,22.8,32.1,23.43,90.4,6.24,167.99,coconut
11.0,12.2,29.4,29.54,95.0,6.08,179.27,coconut
24.7,17.8,31.4,24.41,93.1,6.14,191.99,coconut
16.1,18.7,23.6,24.07,95.0,5.76,168.33,coconut
30.8,5.0,29.2,26.3,94.62,6.06,169.87,coconut
18.7,5.9,16.8,25.88,92.29,6.5,192.19,coconut
24.7,15.5,26.8,26.6,93.78,6.07,176.39,coconut
13.9,9.6,28.4,29.63,95.0,5.87,184.21,coconut
21.0,26.8,40.1,25.18,95.0,6.12,187.33,coconut
25.5,27.2,37.7,27.15,92.06,5.52,189.32,coconut
28.7,5.0,37.9,28.14,89.34,5.85,183.21,coconut
23.1,11.8,27.2,29.23,91.18,5.7,202.1,coconut
13.3,27.6,22.8,23.55,90.29,5.85,162.76,coconut
28.7,7.0,14.3,26.22,90.1,6.6,194.6,coconut
29.5,21.0,36.7,25.44,94.04,5.92,205.71,coconut
37.1,5.0,32.8,28.56,95.0,6.37,183.27,coconut
22.9,7.2,40.9,27.18,94.03,5.99,163.31,coconut
23.6,21.1,25.7,28.13,91.22,6.33,186.39,coconut
17.1,8.9,23.2,26.12,95.0,5.64,163.84,coconut
14.1,15.1,31.8,30.53,90.14,6.15,178.28,coconut
14.6,10.0,40.5,26.84,86.41,6.1,193.96,coconut
24.1,18.4,26.9,26.08,95.0,6.12,170.33,coconut
25.2,8.4,40.1,28.77,90.73,6.87,175.27,coconut
18.6,14.4,33.4,25.22,95.0,5.92,168.54,coconut
17.3,24.8,34.1,23.87,95.0,5.78,188.35,coconut
6.7,23.3,29.0,30.15,94.35,5.67,150.51,coconut
20.9,17.1,27.8,32.02,95.0,5.06,181.85,coconut
29.7,11.0,38.7,28.16,95.0,5.66,183.24,coconut
24.6,22.4,39.1,30.31,95.0,6.19,173.74,coconut
13.8,11.3,20.6,28.23,90.97,5.91,180.9,coconut
11.4,20.3,28.9,29.45,95.0,5.36,172.36,coconut
23.7,22.6,31.2,26.9,95.0,6.3,163.83,coconut
31.0,18.7,31.5,24.39,91.34,6.37,186.91,coconut
25.8,6.7,29.8,25.22,95.0,6.47,200.86,coconut
28.2,16.2,30.1,31.02,95.0,5.67,190.96,coconut
20.7,18.3,30.3,28.43,95.0,6.06,183.3,coconut
18.6,5.0,28.4,28.17,94.11,5.59,191.07,coconut
10.5,12.2,31.1,26.13,95.0,5.57,167.7,coconut
15.4,10.1,33.2,28.58,92.11,5.81,167.94,coconut
22.3,19.0,28.3,32.52,95.0,6.18,186.21,coconut
24.0,17.3,39.8,29.26,95.0,5.92,180.68,coconut
25.3,9.6,16.8,30.5,94.09,6.5,184.28,coconut
14.9,5.1,24.0,27.55,95.0,6.01,184.55,coconut
25.6,22.4,35.9,28.3,90.58,6.63,181.77,coconut
21.4,19.7,16.2,27.98,84.06,6.01,186.22,coconut
28.7,5.0,34.6,30.58,91.55,6.11,166.8,coconut
17.9,14.5,19.9,28.15,95.0,6.38,184.21,coconut
24.8,12.1,22.1,30.47,95.0,5.82,190.26,coconut
16.2,23.4,18.2,28.55,95.0,5.75,156.43,coconut
34.5,17.3,30.6,29.2,95.0,6.12,182.87,coconut
18.2,13.4,19.6,28.92,88.42,6.17,175.71,coconut
24.4,17.9,20.7,26.98,95.0,6.31,189.57,coconut
31.0,8.9,27.6,27.06,95.0,6.21,163.03,coconut
17.5,23.2,10.9,27.05,87.99,5.89,167.15,coconut
25.2,5.0,29.1,22.8,91.91,5.7,156.78,coconut
20.1,16.8,32.4,30.62,95.0,6.33,166.82,coconut
24.4,27.1,29.0,27.8,93.0,6.15,159.19,coconut
22.9,15.8,26.5,26.89,95.0,6.45,147.49,coconut
18.5,18.4,40.9,29.29,94.24,6.12,150.87,coconut
13.0,5.0,34.6,26.84,92.37,6.16,170.85,coconut
13.8,11.3,27.3,29.0,93.95,5.62,169.33,coconut
13.3,22.1,30.6,28.69,90.22,6.41,161.62,coconut
24.9,16.7,30.6,24.35,91.33,5.68,182.31,coconut
113.1,51.1,10.0,21.32,74.72,6.96,89.5,cotton
109.2,49.6,13.4,22.31,79.39,7.25,69.27,cotton
122.8,49.5,5.9,22.51,74.86,6.9,67.93,cotton
114.0,50.0,23.5,21.46,81.69,7.29,79.73,cotton
114.0,28.0,23.9,24.96,74.26,6.9,79.37,cotton
125.2,41.1,18.4,21.03,75.7,7.05,105.59,cotton
112.3,43.4,23.4,21.6,83.68,7.06,93.16,cotton
109.9,46.0,12.1,23.05,77.61,7.07,81.05,cotton
103.5,45.2,10.6,24.82,72.46,6.91,67.15,cotton
118.4,33.5,13.6,25.28,78.78,7.04,92.75,cotton
120.2,45.2,35.5,28.09,83.76,7.25,63.84,cotton
107.7,49.1,21.9,25.61,78.93,6.82,83.29,cotton
125.9,42.9,23.7,22.88,77.78,6.82,52.12,cotton
107.5,44.8,28.8,24.59,85.75,6.94,68.69,cotton
116.6,45.4,20.6,22.95,75.22,6.94,104.63,cotton
106.0,38.7,14.5,26.4,80.81,7.08,81.03,cotton
117.8,50.9,18.7,22.49,79.89,7.09,84.88,cotton
125.1,44.1,12.1,22.24,76.52,6.87,88.26,cotton
123.4,52.0,17.2,22.45,87.45,7.06,71.63,cotton
117.6,47.0,26.1,26.36,76.57,7.09,79.68,cotton
128.9,36.2,19.7,23.27,79.93,6.55,66.69,cotton
117.8,38.2,5.4,22.18,75.92,7.24,69.87,cotton
106.5,42.6,5.0,21.77,76.54,7.2,81.42,cotton
120.8,52.2,14.1,24.33,81.44,6.48,65.5,cotton
118.4,41.8,10.1,24.92,81.8,6.85,98.32,cotton
113.3,48.5,11.5,24.21,78.31,7.41,76.95,cotton
104.4,45.4,5.0,18.36,80.19,6.89,97.78,cotton
116.0,34.4,27.0,27.46,80.96,7.57,75.93,cotton
113.3,43.7,21.7,25.29,81.29,6.67,76.52,cotton
112.8,44.7,25.8,28.92,80.63,6.79,77.2,cotton
128.2,49.1,5.0,24.19,81.57,6.69,62.16,cotton
127.8,42.7,14.3,21.62,73.52,6.87,76.17,cotton
118.9,33.4,20.0,24.49,84.13,6.79,67.07,cotton
139.6,49.9,15.0,21.38,77.6,6.64,96.98,cotton
114.1,50.0,12.6,26.18,80.41,7.43,90.94,cotton
104.5,43.8,26.5,19.97,78.89,7.46,66.27,cotton
114.2,51.1,16.9,26.29,76.27,7.23,78.32,cotton
105.7,43.1,27.9,22.59,77.38,7.0,61.07,cotton
125.8,42.1,17.5,20.29,81.26,7.01,100.79,cotton
123.8,32.4,22.1,24.33,83.44,7.33,67.58,cotton
105.6,47.5,19.3,24.45,82.89,7.02,68.71,cotton
122.4,37.1,16.1,22.36,74.23,6.98,60.15,cotton
115.0,40.9,16.0,26.1,75.18,6.81,65.13,cotton
125.6,53.1,28.5,26.9,86.15,7.15,92.23,cotton
109.6,42.3,30.4,26.57,81.47,6.68,86.28,cotton
119.4,69.5,5.6,24.58,76.86,6.93,55.41,cotton
119.7,46.5,17.8,24.51,85.46,6.97,87.92,cotton
114.5,42.4,35.2,24.36,85.31,6.99,64.84,cotton
110.3,41.3,17.2,25.66,79.61,7.12,107.45,cotton
110.7,50.1,23.4,23.37,70.71,7.23,57.18,cotton
113.4,41.8,14.8,24.88,80.34,6.34,60.97,cotton
120.2,39.6,19.7,25.47,75.46,7.28,78.71,cotton
99.1,37.1,19.6,23.4,77.35,7.06,76.27,cotton
113.0,41.8,15.8,24.95,77.91,6.8,83.09,cotton
120.8,43.4,24.5,22.72,80.46,7.17,70.54,cotton
122.4,32.8,13.3,26.18,82.56,6.71,79.08,cotton
104.9,47.1,22.4,23.68,78.9,6.33,87.91,cotton
106.8,46.3,11.3,24.39,79.55,6.57,103.55,cotton
114.3,47.0,11.4,25.87,85.11,7.06,97.17,cotton
118.1,45.7,12.3,24.58,82.37,6.8,91.47,cotton
125.6,50.9,20.9,25.14,75.94,7.01,86.98,cotton
113.0,44.7,14.3,22.14,78.88,7.15,94.34,cotton
113.4,43.7,25.1,21.23,83.02,7.05,77.8,cotton
109.2,48.5,28.3,25.28,73.68,6.93,81.74,cotton
130.2,41.9,9.0,24.35,76.27,6.88,87.61,cotton
117.6,38.6,23.2,21.48,78.25,6.79,95.59,cotton
126.0,65.8,14.9,23.76,81.03,7.16,69.48,cotton
122.5,54.3,28.7,24.36,73.59,6.76,93.32,cotton
107.9,41.7,17.9,23.82,79.86,6.82,76.44,cotton
119.4,30.8,5.0,20.65,80.88,6.72,73.65,cotton
112.3,41.9,12.2,20.34,81.33,7.35,79.52,cotton
112.4,47.6,37.9,24.35,79.15,6.89,85.83,cotton
126.2,49.5,24.3,24.54,72.1,6.72,96.87,cotton
122.1,50.8,8.8,24.23,84.7,6.91,89.14,cotton
133.0,37.9,21.8,26.36,81.68,6.77,102.72,cotton
118.4,44.4,25.8,22.35,84.43,6.53,78.3,cotton
117.2,62.9,12.5,26.77,75.85,7.35,85.52,cotton
89.8,47.4,12.8,24.66,80.46,7.37,70.81,cotton
106.5,64.7,20.1,22.08,75.76,7.53,101.52,cotton
122.1,43.7,23.2,22.43,79.42,7.19,95.05,cotton
128.1,47.9,14.5,23.16,83.56,6.51,72.62,cotton
111.3,41.8,33.1,24.88,81.76,6.37,80.02,cotton
124.1,57.5,18.8,22.94,78.21,7.0,84.87,cotton
108.9,40.0,34.3,25.55,78.49,6.64,91.59,cotton
119.3,46.4,14.6,23.08,76.71,6.98,70.82,cotton
110.0,53.6,16.0,23.11,81.44,6.98,77.93,cotton
116.3,39.6,34.2,21.72,79.12,7.0,73.48,cotton
120.2,33.0,15.1,25.98,74.92,6.51,119.76,cotton
133.2,60.0,9.4,22.25,77.46,7.06,100.32,cotton
110.6,55.9,15.0,24.59,86.53,6.58,88.25,cotton
116.7,58.9,19.0,29.83,85.33,6.71,92.45,cotton
139.0,48.9,25.4,23.75,78.7,6.85,80.32,cotton
119.0,49.0,19.8,26.21,74.79,6.71,76.12,cotton
117.7,45.2,28.6,25.76,78.72,6.96,47.07,cotton
109.7,58.4,23.9,21.83,79.1,6.91,61.42,cotton
131.1,48.8,18.4,24.41,76.13,6.55,76.06,cotton
111.6,66.3,19.3,24.58,74.59,6.25,89.68,cotton
118.0,54.1,24.1,21.12,75.72,7.08,83.65,cotton
101.2,43.8,17.5,24.28,77.85,6.43,63.45,cotton
116.9,60.0,25.0,24.75,79.6,6.81,83.58,cotton
70.9,39.6,34.9,23.76,72.57,7.14,167.32,jute
85.7,38.0,41.5,24.98,77.66,6.91,163.78,jute
67.9,36.6,22.4,20.58,70.77,6.29,170.08,jute
85.4,46.1,58.9,22.22,79.05,6.39,163.46,jute
71.6,54.5,34.1,20.67,77.11,6.76,172.21,jute
93.8,38.6,39.2,26.05,82.73,6.73,177.73,jute
70.1,39.5,55.2,23.69,79.56,6.92,176.25,jute
80.3,45.8,53.3,22.56,79.89,6.73,159.18,jute
74.3,43.7,42.9,25.65,82.61,6.83,177.89,jute
86.4,32.8,42.2,20.7,82.19,6.51,178.53,jute
68.1,55.8,35.8,25.33,79.91,6.46,183.17,jute
66.3,40.8,41.6,24.0,69.72,6.67,161.81,jute
101.7,33.0,43.9,24.09,76.77,7.26,194.46,jute
80.7,58.5,33.7,27.48,73.57,6.8,168.57,jute
83.2,50.5,45.0,25.66,81.45,6.91,172.82,jute
76.6,30.5,38.9,25.87,77.76,6.7,171.96,jute
74.1,45.0,28.9,23.99,81.76,6.77,181.23,jute
79.5,58.7,36.0,26.51,78.3,6.35,156.84,jute
80.0,40.7,42.1,28.41,72.39,6.71,169.59,jute
66.1,43.3,34.2,22.95,79.98,6.49,153.41,jute
76.2,38.9,41.8,21.71,80.06,6.64,172.95,jute
64.7,50.2,36.3,28.07,78.4,7.14,167.85,jute
95.3,33.4,48.2,19.99,81.73,7.09,160.81,jute
80.3,52.1,49.6,25.3,81.38,6.54,177.96,jute
86.4,39.8,42.0,23.83,82.9,6.86,179.25,jute
87.8,50.6,40.8,23.1,75.65,6.75,177.31,jute
80.6,56.5,34.8,26.2,85.86,6.75,179.44,jute
67.9,41.9,31.5,24.38,80.66,6.83,179.38,jute
80.9,52.9,41.0,25.01,83.58,6.58,170.88,jute
75.2,43.2,44.0,24.44,87.04,6.83,160.93,jute
71.9,51.3,57.7,24.6,81.67,7.23,179.73,jute
71.3,47.1,44.5,25.28,82.16,7.04,156.22,jute
76.1,53.1,40.7,28.35,85.95,6.89,164.97,jute
96.3,48.0,43.6,24.57,78.56,6.75,168.29,jute
93.1,29.8,26.4,24.19,70.68,6.36,177.31,jute
74.8,49.3,30.4,24.59,82.26,6.54,162.6,jute
87.9,50.0,41.4,27.61,80.93,7.04,179.69,jute
73.8,38.4,42.3,26.18,75.37,6.22,171.74,jute
78.4,46.1,34.8,25.58,83.8,6.73,169.77,jute
70.3,46.2,33.5,26.93,80.1,6.79,182.81,jute
75.2,59.9,50.5,25.58,84.61,6.72,182.78,jute
74.5,58.4,29.2,25.92,81.84,6.85,168.84,jute
89.3,53.1,38.9,23.35,80.29,7.72,159.54,jute
88.2,48.0,46.2,24.63,77.02,6.43,165.27,jute
78.9,45.9,33.8,23.8,77.05,6.6,155.93,jute
78.2,37.8,38.0,26.79,81.75,7.02,165.73,jute
75.3,47.9,42.7,22.57,80.72,6.89,177.16,jute
86.4,45.1,42.4,27.49,77.76,7.44,170.2,jute
82.9,49.2,38.1,26.52,78.87,6.35,179.2,jute
88.2,43.8,44.3,21.86,76.65,7.11,178.34,jute
80.6,35.0,46.9,20.94,74.11,6.3,172.01,jute
77.0,47.6,35.6,27.42,81.42,6.31,164.18,jute
91.6,35.5,27.4,25.93,72.93,6.73,176.06,jute
72.8,51.3,25.4,24.47,80.15,6.78,178.58,jute
83.4,51.5,35.0,23.83,79.61,6.74,187.57,jute
70.2,44.3,36.8,25.0,85.88,6.43,178.39,jute
85.3,52.4,39.2,23.55,73.06,6.73,178.87,jute
70.3,48.1,42.4,25.23,77.06,7.12,152.97,jute
84.4,46.0,31.4,25.42,74.78,6.72,155.68,jute
84.7,29.8,31.0,25.61,78.66,6.83,166.08,jute
65.3,47.7,47.5,25.83,81.3,6.91,165.15,jute
73.4,62.6,39.5,23.57,82.48,6.89,181.74,jute
86.8,39.7,31.9,25.93,77.5,6.58,178.58,jute
67.0,39.7,23.4,24.52,78.49,6.73,178.73,jute
80.1,44.3,33.3,27.03,83.06,6.55,188.77,jute
55.9,36.8,28.8,24.09,84.29,6.54,151.24,jute
78.3,44.7,30.2,22.79,80.32,6.86,168.42,jute
86.1,44.9,52.7,22.6,76.16,6.74,168.85,jute
77.8,48.8,37.0,25.21,85.83,6.24,184.2,jute
75.7,54.8,38.4,25.06,84.89,7.07,198.93,jute
79.2,54.6,49.3,27.49,79.32,6.8,184.68,jute
78.8,41.8,36.9,25.49,77.92,6.65,191.12,jute
68.9,50.9,43.3,22.57,83.45,6.44,185.15,jute
73.0,47.0,43.5,25.03,79.01,6.68,198.1,jute
78.2,54.2,44.0,24.14,79.79,6.72,174.97,jute
77.9,51.8,37.5,25.11,73.65,6.93,176.99,jute
73.6,43.2,61.5,25.41,78.28,6.52,166.55,jute
84.0,41.6,33.1,27.39,84.1,5.85,143.32,jute
68.9,52.3,44.6,26.51,79.26,6.63,170.22,jute
71.2,47.4,28.6,24.44,91.35,6.36,182.12,jute
75.7,39.3,36.8,26.18,75.95,6.96,157.64,jute
67.6,46.0,36.2,23.49,79.84,6.73,195.97,jute
78.8,51.0,32.2,23.77,73.77,6.62,172.0,jute
75.1,35.5,43.0,25.57,79.59,6.91,169.04,jute
95.7,40.7,40.1,23.25,75.36,6.13,183.21,jute
79.0,53.7,37.3,25.29,81.85,6.38,183.43,jute
72.4,42.8,42.6,22.56,82.16,6.93,163.04,jute
84.3,48.5,41.7,26.25,75.96,6.49,164.82,jute
86.0,39.1,38.1,24.98,76.65,6.69,178.65,jute
69.0,56.6,38.2,22.92,85.59,6.67,152.17,jute
73.0,44.8,43.8,24.46,87.06,6.77,189.52,jute
86.8,46.7,51.8,27.1,86.25,6.75,173.85,jute
89.8,50.3,36.7,26.7,74.38,6.14,145.23,jute
76.4,41.8,40.6,24.59,79.49,6.32,175.77,jute
71.4,56.3,28.5,24.69,84.26,6.38,165.78,jute
75.8,50.7,25.3,22.41,84.51,6.72,173.57,jute
97.9,45.1,46.9,29.02,79.22,6.24,166.27,jute
83.7,42.2,46.2,28.61,82.32,6.7,163.98,jute
73.2,49.4,23.2,25.75,84.71,6.86,159.24,jute
75.1,47.2,44.1,24.95,85.41,6.65,156.32,jute
94.0,31.7,39.2,26.7,52.99,6.96,171.52,coffee
111.7,24.9,13.4,24.92,58.92,6.85,166.0,coffee
108.3,23.9,26.7,26.7,56.46,6.23,158.1,coffee
113.3,28.0,38.6,25.79,63.27,6.76,152.27,coffee
109.2,27.8,35.6,23.53,58.62,6.48,147.47,coffee
92.7,33.7,33.2,27.7,55.94,6.42,153.74,coffee
99.2,23.6,31.6,28.28,61.89,6.57,151.33,coffee
119.0,26.6,29.6,25.72,61.7,6.76,151.51,coffee
101.1,27.6,21.6,29.04,53.3,6.85,178.77,coffee
93.8,28.0,38.5,26.17,50.77,6.99,184.47,coffee
102.2,35.1,13.0,28.24,49.01,6.67,148.56,coffee
98.1,23.5,30.2,26.35,63.31,6.92,149.7,coffee
105.3,26.2,16.6,25.73,64.26,6.97,162.46,coffee
91.2,30.5,20.7,24.34,56.81,6.83,153.91,coffee
104.0,50.4,24.9,22.49,55.1,6.27,167.93,coffee
98.5,30.8,28.8,25.68,54.98,6.64,147.17,coffee
99.5,16.7,31.6,25.54,60.07,7.12,161.29,coffee
101.4,41.6,29.3,25.31,63.33,6.72,164.77,coffee
100.1,25.8,26.3,28.63,65.44,6.4,140.47,coffee
113.7,20.6,38.3,23.73,52.05,6.79,161.53,coffee
103.1,33.2,35.7,25.91,55.92,7.0,158.34,coffee
102.1,21.2,18.9,27.44,51.09,6.98,161.08,coffee
95.4,25.3,12.7,25.91,55.77,7.31,151.15,coffee
90.2,19.9,16.7,23.83,58.14,6.44,143.85,coffee
102.3,27.8,27.7,26.02,55.62,6.68,135.81,coffee
101.2,31.4,43.4,20.88,65.36,6.42,142.2,coffee
106.2,30.6,11.3,27.66,58.77,6.0,164.8,coffee
91.5,37.6,40.2,26.11,53.85,6.6,147.42,coffee
101.2,33.5,25.3,23.6,54.15,6.62,147.8,coffee
103.1,28.1,21.4,24.52,64.43,6.5,166.88,coffee
99.4,19.8,26.7,25.76,51.75,6.68,132.07,coffee
102.2,22.4,19.8,23.17,59.38,6.64,167.14,coffee
87.5,31.5,17.9,25.34,59.08,7.17,153.8,coffee
111.7,21.9,37.8,27.56,59.21,6.62,151.51,coffee
98.3,25.3,29.2,23.98,54.46,6.51,152.67,coffee
106.0,33.0,18.3,26.05,58.67,6.45,161.35,coffee
100.0,24.5,26.5,27.65,56.8,6.49,158.93,coffee
92.9,25.1,35.7,23.21,66.53,6.98,149.92,coffee
101.7,22.0,22.9,22.35,56.89,6.38,170.41,coffee
100.1,24.0,22.7,25.36,58.88,6.82,141.69,coffee
99.0,34.2,38.7,23.88,58.89,6.54,180.04,coffee
104.2,28.9,30.6,27.49,55.33,7.2,158.06,coffee
101.4,30.4,24.2,28.93,66.2,6.68,155.58,coffee
107.4,25.8,20.0,25.27,56.46,7.19,165.44,coffee
104.4,20.7,39.2,31.64,58.26,7.19,169.57,coffee
104.3,37.0,27.2,27.38,63.95,6.71,174.56,coffee
108.7,36.8,13.3,27.08,53.35,6.94,182.98,coffee
110.5,22.1,34.5,27.58,54.27,7.16,161.44,coffee
93.6,28.7,38.0,25.86,58.77,6.94,160.18,coffee
109.2,23.7,31.8,26.56,56.72,6.86,157.34,coffee
108.8,27.8,28.6,23.58,54.57,6.91,140.21,coffee
104.5,16.0,18.8,25.33,59.74,7.24,156.7,coffee
114.3,25.9,27.8,26.61,59.81,6.88,157.62,coffee
95.8,28.1,47.4,26.17,64.82,7.08,183.39,coffee
94.5,36.8,35.6,20.61,60.67,6.61,151.74,coffee
99.1,18.8,31.1,26.13,60.57,6.22,125.2,coffee
103.2,23.3,31.6,22.52,58.31,6.66,152.49,coffee
114.8,31.6,13.2,23.33,53.23,6.79,156.76,coffee
98.7,14.5,28.9,26.63,59.84,7.27,162.16,coffee
101.8,23.5,32.3,25.22,57.85,7.35,163.19,coffee
109.5,17.7,19.9,24.33,53.73,6.59,132.96,coffee
91.6,35.3,24.1,23.18,65.99,6.58,158.97,coffee
98.6,23.4,35.3,23.78,58.28,6.19,172.61,coffee
95.0,26.2,31.6,22.72,63.33,6.42,156.17,coffee
90.6,28.3,22.1,24.31,47.04,6.63,155.88,coffee
98.0,41.8,29.3,27.32,60.73,6.51,147.62,coffee
104.3,17.0,34.8,27.34,58.9,7.07,168.22,coffee
105.1,33.4,32.6,25.79,59.63,6.92,159.53,coffee
91.7,54.0,36.2,26.22,57.19,6.55,142.28,coffee
115.8,20.4,27.6,26.52,62.14,6.75,165.56,coffee
119.0,32.3,25.0,29.99,59.4,6.85,146.43,coffee
97.7,28.0,26.0,24.75,56.85,7.05,175.43,coffee
99.8,30.3,16.1,19.93,57.26,6.56,161.37,coffee
101.2,31.9,32.7,28.03,62.15,6.6,160.03,coffee
102.4,9.1,28.0,25.06,61.47,6.37,160.74,coffee
110.2,21.5,30.4,28.42,57.9,6.58,152.48,coffee
98.1,29.5,24.1,25.93,59.21,6.95,145.03,coffee
102.7,17.5,31.4,30.09,55.25,6.75,154.2,coffee
107.9,20.1,24.4,22.6,62.9,7.43,151.28,coffee
91.3,21.5,19.5,23.26,60.62,6.66,153.26,coffee
104.1,28.7,22.7,26.86,56.01,6.96,167.73,coffee
112.0,39.6,29.5,27.16,54.99,6.95,145.02,coffee
85.0,31.3,32.6,26.66,56.28,7.22,161.01,coffee
103.2,28.6,42.9,25.22,51.97,6.0,167.1,coffee
84.7,28.5,33.5,27.6,57.55,6.57,156.66,coffee
102.2,21.3,20.3,23.76,53.48,6.74,175.14,coffee
100.5,16.9,43.6,24.51,58.26,7.05,171.46,coffee
115.1,23.4,30.8,26.17,60.32,6.61,150.69,coffee
94.1,30.3,25.5,25.39,62.45,6.43,155.43,coffee
105.8,28.0,33.8,24.94,56.01,7.28,152.8,coffee
107.1,23.1,34.5,25.73,59.15,6.84,173.1,coffee
109.9,36.7,26.7,27.81,58.07,6.92,159.16,coffee
86.0,31.1,16.2,26.72,64.23,6.66,168.14,coffee
101.2,14.1,35.9,25.15,57.55,7.29,156.42,coffee
104.5,43.1,14.0,27.28,54.5,7.28,152.73,coffee
106.0,37.1,27.1,26.64,61.03,6.91,171.14,coffee
102.6,19.9,18.3,22.57,51.41,7.04,172.25,coffee
105.8,28.2,29.3,28.8,56.82,6.42,157.04,coffee
104.9,32.6,24.0,25.71,54.9,6.82,174.49,coffee
119.7,23.9,26.7,25.45,54.51,6.44,166.45,coffee
