state,district,crop,year,area_harvested,production,yield
Punjab,Ludhiana,Maize,2015,35160.8,121758.3,3462.9
Punjab,Ludhiana,Sugarcane,2015,14385.0,1007280.9,70023.0
Punjab,Ludhiana,Chickpea,2015,39903.7,48534.9,1216.3
Punjab,Ludhiana,Rice,2015,18247.1,80975.2,4437.7
Punjab,Ludhiana,Potato,2015,36659.8,764569.5,20855.8
Punjab,Amritsar,Potato,2015,7041.6,175889.3,24978.6
Punjab,Amritsar,Sugarcane,2015,7047.2,575411.6,81651.1
Punjab,Amritsar,Onion,2015,35208.0,611277.8,17361.9
Punjab,Amritsar,Rice,2015,69859.8,291154.7,4167.7
Punjab,Amritsar,Cotton,2015,76177.5,143404.1,1882.5
Punjab,Jalandhar,Potato,2015,11888.5,270255.3,22732.5
Punjab,Jalandhar,Rice,2015,32007.9,118531.7,3703.2
Punjab,Jalandhar,Chickpea,2015,22148.5,27118.6,1224.4
Punjab,Jalandhar,Cotton,2015,34628.6,71258.7,2057.8
Punjab,Jalandhar,Banana,2015,75492.3,3711526.1,49164.3
Punjab,Patiala,Onion,2015,42176.2,609564.2,14452.8
Punjab,Patiala,Sugarcane,2015,65472.1,5048527.4,77109.6
Punjab,Patiala,Cotton,2015,78603.8,147971.7,1882.5
Punjab,Patiala,Chickpea,2015,56314.6,59806.1,1062.0
Punjab,Patiala,Maize,2015,64104.6,185627.7,2895.7
Punjab,Bathinda,Banana,2015,59688.1,2530739.6,42399.4
Punjab,Bathinda,Rice,2015,7014.9,26544.4,3784.0
Punjab,Bathinda,Maize,2015,7005.4,24049.5,3433.0
Punjab,Bathinda,Chickpea,2015,21727.2,25833.6,1189.0
Punjab,Bathinda,Groundnut,2015,21910.6,50795.3,2318.3
Maharashtra,Nashik,Groundnut,2015,8328.9,19261.4,2312.6
Maharashtra,Nashik,Potato,2015,71876.8,1851345.1,25757.2
Maharashtra,Nashik,Sugarcane,2015,20450.4,1400515.0,68483.5
Maharashtra,Nashik,Rice,2015,19951.1,73182.6,3668.1
Maharashtra,Nashik,Maize,2015,8644.1,26074.9,3016.5
Maharashtra,Pune,Groundnut,2015,8705.4,18850.7,2165.4
Maharashtra,Pune,Banana,2015,20944.7,841928.8,40197.7
Maharashtra,Pune,Potato,2015,66793.1,1534531.4,22974.4
Maharashtra,Pune,Chickpea,2015,7324.9,9619.8,1313.3
Maharashtra,Pune,Wheat,2015,53786.2,180608.7,3357.9
Maharashtra,Nagpur,Wheat,2015,29756.4,107852.1,3624.5
Maharashtra,Nagpur,Groundnut,2015,42338.3,99003.9,2338.4
Maharashtra,Nagpur,Rice,2015,75810.4,305735.8,4032.9
Maharashtra,Nagpur,Banana,2015,30382.7,1330968.9,43806.8
Maharashtra,Nagpur,Cotton,2015,76383.6,148940.4,1949.9
Maharashtra,Aurangabad,Sugarcane,2015,21473.7,1526022.0,71064.7
Maharashtra,Aurangabad,Wheat,2015,34419.0,128372.5,3729.7
Maharashtra,Aurangabad,Onion,2015,43986.7,815786.1,18546.2
Maharashtra,Aurangabad,Chickpea,2015,26408.6,29310.9,1109.9
Maharashtra,Aurangabad,Potato,2015,71306.9,1746341.6,24490.5
Maharashtra,Solapur,Wheat,2015,9541.3,31364.2,3287.2
Maharashtra,Solapur,Cotton,2015,25541.8,50667.3,1983.7
Maharashtra,Solapur,Sugarcane,2015,18158.5,1465343.7,80697.4
Maharashtra,Solapur,Banana,2015,43850.2,2075087.9,47322.2
Maharashtra,Solapur,Maize,2015,63377.7,215357.4,3398.0
Uttar Pradesh,Varanasi,Potato,2015,22891.4,555290.4,24257.6
Uttar Pradesh,Varanasi,Rice,2015,40925.8,146309.7,3575.0
Uttar Pradesh,Varanasi,Wheat,2015,19099.2,66900.7,3502.8
Uttar Pradesh,Varanasi,Banana,2015,40206.7,1768608.3,43987.9
Uttar Pradesh,Varanasi,Sugarcane,2015,15288.5,1111473.9,72700.0
Uttar Pradesh,Lucknow,Onion,2015,11932.6,231965.0,19439.6
Uttar Pradesh,Lucknow,Potato,2015,46225.4,1156379.2,25016.1
Uttar Pradesh,Lucknow,Maize,2015,42898.6,141376.6,3295.6
Uttar Pradesh,Lucknow,Rice,2015,13373.0,45529.7,3404.6
Uttar Pradesh,Lucknow,Banana,2015,73668.6,3236372.1,43931.5
Uttar Pradesh,Agra,Rice,2015,50781.0,205353.3,4043.9
Uttar Pradesh,Agra,Sugarcane,2015,9814.6,787510.7,80238.7
Uttar Pradesh,Agra,Wheat,2015,73373.7,226842.1,3091.6
Uttar Pradesh,Agra,Groundnut,2015,19743.3,40825.2,2067.8
Uttar Pradesh,Agra,Banana,2015,31926.2,1327424.4,41577.9
Uttar Pradesh,Kanpur,Onion,2015,36330.9,676699.3,18626.0
Uttar Pradesh,Kanpur,Wheat,2015,18603.4,58788.6,3160.1
Uttar Pradesh,Kanpur,Maize,2015,25539.9,77603.0,3038.5
Uttar Pradesh,Kanpur,Cotton,2015,8411.8,17138.2,2037.4
Uttar Pradesh,Kanpur,Groundnut,2015,28358.0,67597.0,2383.7
Uttar Pradesh,Prayagraj,Sugarcane,2015,22188.5,1711756.2,77146.1
Uttar Pradesh,Prayagraj,Groundnut,2015,52704.7,115644.7,2194.2
Uttar Pradesh,Prayagraj,Onion,2015,68540.2,1316019.8,19200.7
Uttar Pradesh,Prayagraj,Wheat,2015,14431.1,55061.9,3815.5
Uttar Pradesh,Prayagraj,Rice,2015,15704.9,53966.7,3436.3
Gujarat,Ahmedabad,Sugarcane,2015,6806.8,497538.3,73094.3
Gujarat,Ahmedabad,Maize,2015,69468.8,244481.5,3519.3
Gujarat,Ahmedabad,Groundnut,2015,21951.5,45237.7,2060.8
Gujarat,Ahmedabad,Wheat,2015,62891.1,230955.0,3672.3
Gujarat,Ahmedabad,Onion,2015,34764.9,601756.1,17309.3
Gujarat,Surat,Maize,2015,14416.8,41973.1,2911.4
Gujarat,Surat,Sugarcane,2015,35211.2,2734621.5,77663.4
Gujarat,Surat,Wheat,2015,19556.2,71059.4,3633.6
Gujarat,Surat,Rice,2015,44960.4,162464.4,3613.5
Gujarat,Surat,Potato,2015,70420.1,1599895.4,22719.3
Gujarat,Rajkot,Wheat,2015,50164.4,169415.2,3377.2
Gujarat,Rajkot,Sugarcane,2015,66198.0,5054535.1,76354.8
Gujarat,Rajkot,Chickpea,2015,52265.9,65985.7,1262.5
Gujarat,Rajkot,Banana,2015,70877.4,3047834.5,43001.5
Gujarat,Rajkot,Cotton,2015,17253.6,31037.5,1798.9
Gujarat,Vadodara,Sugarcane,2015,74315.9,6024158.3,81061.5
Gujarat,Vadodara,Wheat,2015,20813.8,83915.0,4031.7
Gujarat,Vadodara,Rice,2015,47681.8,180995.3,3795.9
Gujarat,Vadodara,Groundnut,2015,62952.4,152785.5,2427.0
Gujarat,Vadodara,Banana,2015,15908.7,798454.5,50189.8
Gujarat,Junagadh,Rice,2015,49437.9,206279.6,4172.5
Gujarat,Junagadh,Sugarcane,2015,24610.3,1781197.5,72376.1
Gujarat,Junagadh,Groundnut,2015,36638.4,77076.2,2103.7
Gujarat,Junagadh,Potato,2015,52823.8,1270998.7,24061.1
Gujarat,Junagadh,Banana,2015,8197.3,435095.5,53077.9
Karnataka,Bengaluru Rural,Rice,2015,10608.4,40013.8,3771.9
Karnataka,Bengaluru Rural,Onion,2015,78808.2,1335302.5,16943.7
Karnataka,Bengaluru Rural,Potato,2015,65494.1,1494378.9,22817.0
Karnataka,Bengaluru Rural,Wheat,2015,52469.9,183901.8,3504.9
Karnataka,Bengaluru Rural,Cotton,2015,34960.2,70346.9,2012.2
Karnataka,Belagavi,Maize,2015,31837.5,94563.7,2970.2
Karnataka,Belagavi,Onion,2015,56913.2,1061761.3,18655.8
Karnataka,Belagavi,Sugarcane,2015,47506.0,3626926.3,76346.7
Karnataka,Belagavi,Banana,2015,63247.0,2536400.8,40103.1
Karnataka,Belagavi,Rice,2015,42927.0,166131.8,3870.1
Karnataka,Mysuru,Onion,2015,27543.5,485572.6,17629.3
Karnataka,Mysuru,Wheat,2015,51090.6,173907.3,3403.9
Karnataka,Mysuru,Groundnut,2015,9636.5,21787.2,2260.9
Karnataka,Mysuru,Sugarcane,2015,31328.1,2505411.5,79973.3
Karnataka,Mysuru,Banana,2015,55512.4,2565883.1,46221.8
Karnataka,Hubballi,Sugarcane,2015,68062.4,4927357.0,72394.7
Karnataka,Hubballi,Groundnut,2015,17070.1,36231.3,2122.5
Karnataka,Hubballi,Wheat,2015,57234.0,241848.0,4225.6
Karnataka,Hubballi,Potato,2015,75902.0,1660121.0,21871.9
Karnataka,Hubballi,Maize,2015,73296.8,208331.5,2842.3
Karnataka,Dharwad,Wheat,2015,27080.1,98227.6,3627.3
Karnataka,Dharwad,Banana,2015,67895.5,2955606.5,43531.7
Karnataka,Dharwad,Potato,2015,20672.9,517426.1,25029.2
Karnataka,Dharwad,Maize,2015,75161.7,219321.8,2918.0
Karnataka,Dharwad,Groundnut,2015,35076.4,85354.9,2433.4
Rajasthan,Jaipur,Banana,2015,56554.3,2569425.9,45432.9
Rajasthan,Jaipur,Maize,2015,34515.5,107795.4,3123.1
Rajasthan,Jaipur,Wheat,2015,36760.0,125355.3,3410.1
Rajasthan,Jaipur,Chickpea,2015,28038.7,32146.4,1146.5
Rajasthan,Jaipur,Sugarcane,2015,12250.9,813873.8,66433.8
Rajasthan,Jodhpur,Maize,2015,30953.0,89800.8,2901.2
Rajasthan,Jodhpur,Rice,2015,60313.1,215896.8,3579.6
Rajasthan,Jodhpur,Onion,2015,38101.6,658818.6,17291.1
Rajasthan,Jodhpur,Potato,2015,9058.2,209625.8,23142.1
Rajasthan,Jodhpur,Banana,2015,43212.1,2012772.1,46578.9
Rajasthan,Udaipur,Cotton,2015,69358.6,127439.5,1837.4
Rajasthan,Udaipur,Banana,2015,13782.5,616735.2,44747.7
Rajasthan,Udaipur,Chickpea,2015,20369.2,28068.8,1378.0
Rajasthan,Udaipur,Rice,2015,24610.3,90216.4,3665.8
Rajasthan,Udaipur,Maize,2015,76046.9,258171.6,3394.9
Rajasthan,Kota,Sugarcane,2015,25770.8,2048685.8,79496.4
Rajasthan,Kota,Wheat,2015,12889.5,43531.7,3377.3
Rajasthan,Kota,Groundnut,2015,27999.5,66302.8,2368.0
Rajasthan,Kota,Chickpea,2015,67797.8,78123.4,1152.3
Rajasthan,Kota,Potato,2015,79078.6,1892026.7,23925.9
Rajasthan,Bikaner,Potato,2015,57536.2,1177650.9,20468.0
Rajasthan,Bikaner,Onion,2015,35679.6,701432.4,19659.2
Rajasthan,Bikaner,Groundnut,2015,60215.2,124230.0,2063.1
Rajasthan,Bikaner,Wheat,2015,55588.5,171807.4,3090.7
Rajasthan,Bikaner,Chickpea,2015,57303.5,70941.7,1238.0
Madhya Pradesh,Indore,Groundnut,2015,52224.1,115404.8,2209.8
Madhya Pradesh,Indore,Wheat,2015,76078.8,259109.2,3405.8
Madhya Pradesh,Indore,Rice,2015,37998.8,128891.9,3392.0
Madhya Pradesh,Indore,Banana,2015,53637.6,2430008.6,45304.2
Madhya Pradesh,Indore,Onion,2015,19096.0,310569.7,16263.6
Madhya Pradesh,Bhopal,Wheat,2015,11737.5,37784.2,3219.1
Madhya Pradesh,Bhopal,Banana,2015,40667.0,1725659.4,42433.9
Madhya Pradesh,Bhopal,Rice,2015,31854.0,103933.2,3262.8
Madhya Pradesh,Bhopal,Maize,2015,16705.5,53830.1,3222.3
Madhya Pradesh,Bhopal,Cotton,2015,62873.3,105262.5,1674.2
Madhya Pradesh,Ujjain,Cotton,2015,9076.8,17517.3,1929.9
Madhya Pradesh,Ujjain,Sugarcane,2015,31152.3,2508548.3,80525.3
Madhya Pradesh,Ujjain,Potato,2015,10330.3,224161.3,21699.4
Madhya Pradesh,Ujjain,Groundnut,2015,60950.0,144731.9,2374.6
Madhya Pradesh,Ujjain,Banana,2015,42850.7,2113426.5,49320.7
Madhya Pradesh,Jabalpur,Onion,2015,45532.5,837584.0,18395.3
Madhya Pradesh,Jabalpur,Chickpea,2015,40904.7,52010.3,1271.5
Madhya Pradesh,Jabalpur,Banana,2015,22866.2,1034057.6,45222.1
Madhya Pradesh,Jabalpur,Sugarcane,2015,7755.6,558233.4,71978.1
Madhya Pradesh,Jabalpur,Rice,2015,28546.0,110330.3,3865.0
Madhya Pradesh,Gwalior,Rice,2015,45918.6,169531.5,3692.0
Madhya Pradesh,Gwalior,Wheat,2015,39666.9,145724.3,3673.7
Madhya Pradesh,Gwalior,Sugarcane,2015,67556.0,4567765.2,67614.5
Madhya Pradesh,Gwalior,Banana,2015,8674.7,404304.3,46607.3
Madhya Pradesh,Gwalior,Cotton,2015,69955.3,136755.6,1954.9
Bihar,Patna,Potato,2015,68312.4,1396162.0,20437.9
Bihar,Patna,Banana,2015,11029.9,498905.5,45232.1
Bihar,Patna,Wheat,2015,17728.4,59649.0,3364.6
Bihar,Patna,Chickpea,2015,73619.1,96838.6,1315.4
Bihar,Patna,Sugarcane,2015,65946.3,4702215.2,71303.7
Bihar,Gaya,Banana,2015,73418.6,3240785.1,44141.2
Bihar,Gaya,Potato,2015,42121.7,898915.0,21340.9
Bihar,Gaya,Maize,2015,63245.4,195618.0,3093.0
Bihar,Gaya,Rice,2015,7924.7,31169.4,3933.2
Bihar,Gaya,Sugarcane,2015,13591.6,1047334.7,77057.5
Bihar,Muzaffarpur,Sugarcane,2015,23714.8,1751468.4,73855.5
Bihar,Muzaffarpur,Wheat,2015,12804.6,51304.2,4006.7
Bihar,Muzaffarpur,Onion,2015,57004.0,1039838.5,18241.5
Bihar,Muzaffarpur,Potato,2015,27911.3,646029.4,23145.8
Bihar,Muzaffarpur,Chickpea,2015,50910.5,62126.1,1220.3
Bihar,Bhagalpur,Groundnut,2015,24085.3,52481.9,2179.0
Bihar,Bhagalpur,Banana,2015,61062.7,2827612.1,46306.7
Bihar,Bhagalpur,Cotton,2015,39489.6,88899.0,2251.2
Bihar,Bhagalpur,Potato,2015,79836.3,1738331.6,21773.7
Bihar,Bhagalpur,Rice,2015,10911.6,37957.1,3478.6
Bihar,Darbhanga,Sugarcane,2015,64518.1,4922821.4,76301.4
Bihar,Darbhanga,Onion,2015,22575.7,408484.7,18094.0
Bihar,Darbhanga,Banana,2015,58872.3,2895851.9,49188.7
Bihar,Darbhanga,Wheat,2015,73090.3,233318.9,3192.2
Bihar,Darbhanga,Groundnut,2015,40379.9,87842.4,2175.4
West Bengal,Hooghly,Groundnut,2015,17026.0,36764.2,2159.3
West Bengal,Hooghly,Cotton,2015,58406.9,124663.7,2134.4
West Bengal,Hooghly,Wheat,2015,40603.1,146268.6,3602.4
West Bengal,Hooghly,Chickpea,2015,65912.4,76596.8,1162.1
West Bengal,Hooghly,Maize,2015,20582.3,66468.5,3229.4
West Bengal,Burdwan,Rice,2015,56095.6,232836.0,4150.7
West Bengal,Burdwan,Wheat,2015,9522.0,36207.4,3802.5
West Bengal,Burdwan,Potato,2015,24090.3,598056.2,24825.6
West Bengal,Burdwan,Groundnut,2015,36539.4,62592.0,1713.0
West Bengal,Burdwan,Onion,2015,66723.9,1287431.0,19294.9
West Bengal,Nadia,Wheat,2015,26733.0,101978.4,3814.7
West Bengal,Nadia,Potato,2015,71524.8,1642681.5,22966.6
West Bengal,Nadia,Onion,2015,43157.0,813889.2,18858.8
West Bengal,Nadia,Cotton,2015,7888.2,14346.3,1818.7
West Bengal,Nadia,Maize,2015,47121.3,143983.8,3055.6
West Bengal,Murshidabad,Onion,2015,24466.3,411339.7,16812.5
West Bengal,Murshidabad,Wheat,2015,9785.2,31578.8,3227.2
West Bengal,Murshidabad,Maize,2015,66801.7,223585.3,3347.0
West Bengal,Murshidabad,Banana,2015,78313.6,3642725.8,46514.6
West Bengal,Murshidabad,Sugarcane,2015,23838.4,1695010.4,71104.2
West Bengal,Birbhum,Rice,2015,44840.6,172053.4,3837.0
West Bengal,Birbhum,Groundnut,2015,73558.9,163617.1,2224.3
West Bengal,Birbhum,Cotton,2015,22752.6,42606.5,1872.6
West Bengal,Birbhum,Sugarcane,2015,43509.3,3188061.3,73273.1
West Bengal,Birbhum,Banana,2015,18850.7,874629.1,46397.7
Tamil Nadu,Coimbatore,Onion,2015,57358.2,1099138.0,19162.7
Tamil Nadu,Coimbatore,Groundnut,2015,74753.5,171312.6,2291.7
Tamil Nadu,Coimbatore,Rice,2015,70863.4,299383.7,4224.8
Tamil Nadu,Coimbatore,Chickpea,2015,35936.7,47120.2,1311.2
Tamil Nadu,Coimbatore,Potato,2015,30871.4,785856.2,25455.8
Tamil Nadu,Madurai,Groundnut,2015,69765.3,172704.0,2475.5
Tamil Nadu,Madurai,Potato,2015,77692.8,1800515.1,23174.8
Tamil Nadu,Madurai,Banana,2015,53705.6,2400275.1,44693.2
Tamil Nadu,Madurai,Sugarcane,2015,33042.8,2357048.7,71333.2
Tamil Nadu,Madurai,Chickpea,2015,73726.3,89444.7,1213.2
Tamil Nadu,Salem,Chickpea,2015,19351.1,24018.6,1241.2
Tamil Nadu,Salem,Groundnut,2015,79731.0,192367.0,2412.7
Tamil Nadu,Salem,Sugarcane,2015,45953.7,3501157.3,76188.8
Tamil Nadu,Salem,Wheat,2015,40257.1,139543.2,3466.3
Tamil Nadu,Salem,Onion,2015,57624.6,1126693.5,19552.3
Tamil Nadu,Thanjavur,Cotton,2015,79939.5,161973.4,2026.2
Tamil Nadu,Thanjavur,Groundnut,2015,47003.0,122696.6,2610.4
Tamil Nadu,Thanjavur,Wheat,2015,10720.6,31264.5,2916.3
Tamil Nadu,Thanjavur,Rice,2015,50035.2,190494.0,3807.2
Tamil Nadu,Thanjavur,Potato,2015,23485.0,464577.9,19781.9
Tamil Nadu,Tiruchirappalli,Chickpea,2015,33747.5,42636.6,1263.4
Tamil Nadu,Tiruchirappalli,Groundnut,2015,72691.0,156598.2,2154.3
Tamil Nadu,Tiruchirappalli,Onion,2015,13935.6,270718.5,19426.4
Tamil Nadu,Tiruchirappalli,Rice,2015,79790.9,274073.8,3434.9
Tamil Nadu,Tiruchirappalli,Wheat,2015,46489.2,165055.3,3550.4
Punjab,Ludhiana,Chickpea,2016,17964.0,22967.0,1278.5
Punjab,Ludhiana,Cotton,2016,29591.8,66119.9,2234.4
Punjab,Ludhiana,Banana,2016,57028.8,2561117.8,44909.2
Punjab,Ludhiana,Rice,2016,23168.6,91330.6,3942.0
Punjab,Ludhiana,Sugarcane,2016,60783.6,4323330.8,71126.6
Punjab,Amritsar,Potato,2016,78308.0,1839251.3,23487.4
Punjab,Amritsar,Cotton,2016,66069.8,126887.1,1920.5
Punjab,Amritsar,Sugarcane,2016,72966.3,5247021.2,71910.2
Punjab,Amritsar,Rice,2016,71754.0,240361.5,3349.8
Punjab,Amritsar,Chickpea,2016,18564.1,24710.7,1331.1
Punjab,Jalandhar,Potato,2016,73492.5,1904006.9,25907.5
Punjab,Jalandhar,Groundnut,2016,7050.7,16961.9,2405.7
Punjab,Jalandhar,Cotton,2016,6997.7,12151.5,1736.5
Punjab,Jalandhar,Rice,2016,53858.2,199506.9,3704.3
Punjab,Jalandhar,Banana,2016,42343.0,1969821.8,46520.6
Punjab,Patiala,Cotton,2016,21575.4,46050.5,2134.4
Punjab,Patiala,Maize,2016,53790.6,163544.9,3040.4
Punjab,Patiala,Potato,2016,62310.4,1374860.3,22064.7
Punjab,Patiala,Chickpea,2016,24342.1,31425.7,1291.0
Punjab,Patiala,Wheat,2016,34180.6,117324.9,3432.5
Punjab,Bathinda,Potato,2016,68082.0,1747760.3,25671.4
Punjab,Bathinda,Onion,2016,33566.3,610715.3,18194.3
Punjab,Bathinda,Groundnut,2016,8301.5,19801.6,2385.3
Punjab,Bathinda,Rice,2016,57115.4,215782.0,3778.0
Punjab,Bathinda,Maize,2016,49432.4,165094.3,3339.8
Maharashtra,Nashik,Potato,2016,43060.9,1056641.3,24538.3
Maharashtra,Nashik,Cotton,2016,64091.9,125491.9,1958.0
Maharashtra,Nashik,Onion,2016,40663.1,675792.3,16619.3
Maharashtra,Nashik,Sugarcane,2016,17777.9,1438939.7,80939.8
Maharashtra,Nashik,Banana,2016,75417.4,3626905.7,48091.1
Maharashtra,Pune,Banana,2016,43203.1,2051088.8,47475.5
Maharashtra,Pune,Potato,2016,31659.1,830557.5,26234.4
Maharashtra,Pune,Cotton,2016,9279.0,18385.4,1981.4
Maharashtra,Pune,Chickpea,2016,9129.7,10464.5,1146.2
Maharashtra,Pune,Onion,2016,13370.4,224677.5,16804.1
Maharashtra,Nagpur,Maize,2016,58163.8,169000.7,2905.6
Maharashtra,Nagpur,Onion,2016,49139.6,857707.1,17454.5
Maharashtra,Nagpur,Wheat,2016,69507.1,233856.6,3364.5
Maharashtra,Nagpur,Groundnut,2016,45531.4,102072.3,2241.8
Maharashtra,Nagpur,Rice,2016,46591.5,149209.3,3202.5
Maharashtra,Aurangabad,Wheat,2016,26197.6,94479.0,3606.4
Maharashtra,Aurangabad,Sugarcane,2016,25214.2,1900469.9,75373.0
Maharashtra,Aurangabad,Maize,2016,78768.3,258100.1,3276.7
Maharashtra,Aurangabad,Chickpea,2016,68631.7,91410.6,1331.9
Maharashtra,Aurangabad,Groundnut,2016,48487.3,100737.2,2077.6
Maharashtra,Solapur,Rice,2016,60826.5,245185.5,4030.9
Maharashtra,Solapur,Wheat,2016,47560.7,187189.4,3935.8
Maharashtra,Solapur,Maize,2016,19178.6,60859.5,3173.3
Maharashtra,Solapur,Onion,2016,6821.7,132589.3,19436.4
Maharashtra,Solapur,Cotton,2016,49742.8,99614.9,2002.6
Uttar Pradesh,Varanasi,Chickpea,2016,19283.3,22090.9,1145.6
Uttar Pradesh,Varanasi,Cotton,2016,56419.0,109221.5,1935.9
Uttar Pradesh,Varanasi,Wheat,2016,16042.8,60697.9,3783.5
Uttar Pradesh,Varanasi,Banana,2016,57977.7,2509698.1,43287.3
Uttar Pradesh,Varanasi,Potato,2016,46248.6,1141998.2,24692.6
Uttar Pradesh,Lucknow,Banana,2016,29844.1,1339137.6,44871.1
Uttar Pradesh,Lucknow,Chickpea,2016,68445.6,86097.7,1257.9
Uttar Pradesh,Lucknow,Sugarcane,2016,9487.4,630075.3,66411.8
Uttar Pradesh,Lucknow,Groundnut,2016,18261.6,36934.1,2022.5
Uttar Pradesh,Lucknow,Rice,2016,13626.8,49848.2,3658.1
Uttar Pradesh,Agra,Sugarcane,2016,65003.6,4701573.9,72327.9
Uttar Pradesh,Agra,Banana,2016,14227.3,705573.1,49592.9
Uttar Pradesh,Agra,Potato,2016,50522.8,954658.6,18895.6
Uttar Pradesh,Agra,Groundnut,2016,41477.8,96494.0,2326.4
Uttar Pradesh,Agra,Maize,2016,36818.7,105389.8,2862.4
Uttar Pradesh,Kanpur,Chickpea,2016,31766.5,36325.0,1143.5
Uttar Pradesh,Kanpur,Groundnut,2016,46063.0,107598.6,2335.9
Uttar Pradesh,Kanpur,Sugarcane,2016,74580.2,5040443.2,67584.2
Uttar Pradesh,Kanpur,Onion,2016,26205.5,515608.9,19675.6
Uttar Pradesh,Kanpur,Maize,2016,79377.9,261732.7,3297.3
Uttar Pradesh,Prayagraj,Chickpea,2016,53747.4,60498.1,1125.6
Uttar Pradesh,Prayagraj,Wheat,2016,23747.9,82683.1,3481.7
Uttar Pradesh,Prayagraj,Rice,2016,79741.0,303558.0,3806.8
Uttar Pradesh,Prayagraj,Groundnut,2016,30675.3,78722.0,2566.3
Uttar Pradesh,Prayagraj,Onion,2016,53333.5,1015987.2,19049.7
Gujarat,Ahmedabad,Maize,2016,77947.3,277359.9,3558.3
Gujarat,Ahmedabad,Sugarcane,2016,51115.8,4056938.4,79367.6
Gujarat,Ahmedabad,Wheat,2016,41327.1,144169.6,3488.5
Gujarat,Ahmedabad,Groundnut,2016,64434.0,155936.7,2420.1
Gujarat,Ahmedabad,Potato,2016,69483.3,1676722.4,24131.3
Gujarat,Surat,Potato,2016,72497.6,1766810.0,24370.6
Gujarat,Surat,Banana,2016,62532.3,2940425.1,47022.5
Gujarat,Surat,Chickpea,2016,50717.2,63918.9,1260.3
Gujarat,Surat,Wheat,2016,20741.9,71655.0,3454.6
Gujarat,Surat,Cotton,2016,14339.9,29765.3,2075.7
Gujarat,Rajkot,Groundnut,2016,9301.2,24451.9,2628.9
Gujarat,Rajkot,Cotton,2016,35275.4,68698.8,1947.5
Gujarat,Rajkot,Potato,2016,48627.1,1255303.7,25814.9
Gujarat,Rajkot,Wheat,2016,10531.1,41244.0,3916.4
Gujarat,Rajkot,Chickpea,2016,53016.2,75235.3,1419.1
Gujarat,Vadodara,Maize,2016,50674.1,155219.8,3063.1
Gujarat,Vadodara,Sugarcane,2016,48690.9,3232929.7,66397.0
Gujarat,Vadodara,Groundnut,2016,16171.8,37384.4,2311.7
Gujarat,Vadodara,Onion,2016,55153.7,991442.9,17976.0
Gujarat,Vadodara,Banana,2016,8083.5,345874.4,42787.7
Gujarat,Junagadh,Potato,2016,60900.0,1534138.0,25191.1
Gujarat,Junagadh,Cotton,2016,70482.3,142684.4,2024.4
Gujarat,Junagadh,Rice,2016,74142.6,249245.2,3361.7
Gujarat,Junagadh,Sugarcane,2016,75129.2,5044843.1,67148.9
Gujarat,Junagadh,Chickpea,2016,44663.2,60451.6,1353.5
Karnataka,Bengaluru Rural,Banana,2016,44969.6,2169113.2,48235.1
Karnataka,Bengaluru Rural,Rice,2016,18302.9,67160.7,3669.4
Karnataka,Bengaluru Rural,Cotton,2016,64393.4,133487.5,2073.0
Karnataka,Bengaluru Rural,Sugarcane,2016,27844.7,1999338.6,71803.2
Karnataka,Bengaluru Rural,Maize,2016,16660.1,60447.8,3628.3
Karnataka,Belagavi,Groundnut,2016,26548.6,60238.8,2269.0
Karnataka,Belagavi,Rice,2016,34048.6,110964.4,3259.0
Karnataka,Belagavi,Cotton,2016,66757.0,117519.0,1760.4
Karnataka,Belagavi,Potato,2016,67801.4,1676999.8,24734.0
Karnataka,Belagavi,Maize,2016,67281.5,233581.2,3471.7
Karnataka,Mysuru,Banana,2016,32268.3,1556922.9,48249.3
Karnataka,Mysuru,Cotton,2016,74777.1,144222.6,1928.7
Karnataka,Mysuru,Rice,2016,39756.8,149266.9,3754.5
Karnataka,Mysuru,Wheat,2016,14229.4,52160.7,3665.7
Karnataka,Mysuru,Groundnut,2016,30663.3,70908.9,2312.5
Karnataka,Hubballi,Banana,2016,30665.0,1321888.4,43107.4
Karnataka,Hubballi,Cotton,2016,37420.1,78687.0,2102.8
Karnataka,Hubballi,Wheat,2016,31077.8,110798.6,3565.2
Karnataka,Hubballi,Maize,2016,75788.7,246859.0,3257.2
Karnataka,Hubballi,Onion,2016,72708.6,1464031.3,20135.6
Karnataka,Dharwad,Onion,2016,61695.7,1002882.1,16255.3
Karnataka,Dharwad,Potato,2016,42085.2,994304.9,23626.0
Karnataka,Dharwad,Groundnut,2016,7061.8,15858.0,2245.6
Karnataka,Dharwad,Rice,2016,34641.5,135136.5,3901.0
Karnataka,Dharwad,Chickpea,2016,70066.6,91934.4,1312.1
Rajasthan,Jaipur,Chickpea,2016,7905.1,10476.6,1325.3
Rajasthan,Jaipur,Onion,2016,77481.2,1372587.2,17715.1
Rajasthan,Jaipur,Maize,2016,74486.1,235040.9,3155.5
Rajasthan,Jaipur,Rice,2016,57232.2,235029.8,4106.6
Rajasthan,Jaipur,Wheat,2016,28163.2,91575.5,3251.6
Rajasthan,Jodhpur,Groundnut,2016,47047.3,98606.4,2095.9
Rajasthan,Jodhpur,Banana,2016,73792.4,3248216.0,44018.3
Rajasthan,Jodhpur,Maize,2016,72081.2,217000.5,3010.5
Rajasthan,Jodhpur,Cotton,2016,28539.4,62270.1,2181.9
Rajasthan,Jodhpur,Onion,2016,50659.5,858546.8,16947.4
Rajasthan,Udaipur,Chickpea,2016,52639.6,66762.8,1268.3
Rajasthan,Udaipur,Cotton,2016,74399.2,146529.2,1969.5
Rajasthan,Udaipur,Rice,2016,11609.7,39791.1,3427.4
Rajasthan,Udaipur,Wheat,2016,65109.7,240437.1,3692.8
Rajasthan,Udaipur,Groundnut,2016,46394.5,100671.4,2169.9
Rajasthan,Kota,Wheat,2016,14448.1,54434.7,3767.6
Rajasthan,Kota,Rice,2016,22434.4,78074.0,3480.1
Rajasthan,Kota,Groundnut,2016,11778.4,27205.7,2309.8
Rajasthan,Kota,Potato,2016,43491.9,1207904.9,27773.1
Rajasthan,Kota,Chickpea,2016,9190.2,11425.3,1243.2
Rajasthan,Bikaner,Wheat,2016,61094.5,233704.8,3825.3
Rajasthan,Bikaner,Onion,2016,29585.1,565744.0,19122.6
Rajasthan,Bikaner,Groundnut,2016,77516.2,175047.1,2258.2
Rajasthan,Bikaner,Potato,2016,48380.6,1142619.1,23617.3
Rajasthan,Bikaner,Banana,2016,55071.8,2345899.0,42597.1
Madhya Pradesh,Indore,Groundnut,2016,40872.1,87605.3,2143.4
Madhya Pradesh,Indore,Wheat,2016,33914.5,124272.9,3664.3
Madhya Pradesh,Indore,Chickpea,2016,51599.2,70912.8,1374.3
Madhya Pradesh,Indore,Rice,2016,67287.3,232188.3,3450.7
Madhya Pradesh,Indore,Sugarcane,2016,13230.0,914580.6,69129.3
Madhya Pradesh,Bhopal,Groundnut,2016,38394.3,78078.6,2033.6
Madhya Pradesh,Bhopal,Maize,2016,72847.6,227962.0,3129.3
Madhya Pradesh,Bhopal,Rice,2016,64709.0,236000.2,3647.1
Madhya Pradesh,Bhopal,Cotton,2016,68765.8,138515.0,2014.3
Madhya Pradesh,Bhopal,Sugarcane,2016,10615.4,717929.1,67630.9
Madhya Pradesh,Ujjain,Maize,2016,38600.9,135033.7,3498.2
Madhya Pradesh,Ujjain,Wheat,2016,34361.2,121209.1,3527.5
Madhya Pradesh,Ujjain,Rice,2016,40588.3,168250.7,4145.3
Madhya Pradesh,Ujjain,Banana,2016,8139.3,359356.6,44150.8
Madhya Pradesh,Ujjain,Onion,2016,7514.1,123521.3,16438.6
Madhya Pradesh,Jabalpur,Cotton,2016,10826.2,20660.7,1908.4
Madhya Pradesh,Jabalpur,Groundnut,2016,30237.7,65664.2,2171.6
Madhya Pradesh,Jabalpur,Banana,2016,56522.7,2446517.2,43283.8
Madhya Pradesh,Jabalpur,Wheat,2016,79950.0,292313.2,3656.2
Madhya Pradesh,Jabalpur,Rice,2016,35069.3,137163.0,3911.2
Madhya Pradesh,Gwalior,Banana,2016,57607.0,2596330.2,45069.7
Madhya Pradesh,Gwalior,Maize,2016,10404.2,31866.0,3062.8
Madhya Pradesh,Gwalior,Onion,2016,55678.9,916625.0,16462.7
Madhya Pradesh,Gwalior,Groundnut,2016,26261.4,59025.1,2247.6
Madhya Pradesh,Gwalior,Wheat,2016,26256.1,105347.4,4012.3
Bihar,Patna,Sugarcane,2016,25643.2,2014299.0,78551.0
Bihar,Patna,Wheat,2016,54348.7,217258.9,3997.5
Bihar,Patna,Chickpea,2016,9097.1,12228.3,1344.2
Bihar,Patna,Groundnut,2016,12109.6,26853.0,2217.5
Bihar,Patna,Banana,2016,10156.3,499414.7,49172.9
Bihar,Gaya,Rice,2016,75216.9,244530.1,3251.0
Bihar,Gaya,Sugarcane,2016,13658.4,1099424.7,80494.4
Bihar,Gaya,Cotton,2016,23970.4,49000.3,2044.2
Bihar,Gaya,Potato,2016,64550.1,1618897.1,25079.7
Bihar,Gaya,Banana,2016,73515.0,3193815.1,43444.4
Bihar,Muzaffarpur,Sugarcane,2016,56114.4,4592716.7,81845.6
Bihar,Muzaffarpur,Rice,2016,22471.7,83444.2,3713.3
Bihar,Muzaffarpur,Wheat,2016,66535.0,188400.5,2831.6
Bihar,Muzaffarpur,Chickpea,2016,78064.3,108087.8,1384.6
Bihar,Muzaffarpur,Banana,2016,73895.0,3667261.1,49628.0
Bihar,Bhagalpur,Potato,2016,69170.9,1828850.9,26439.6
Bihar,Bhagalpur,Groundnut,2016,12370.4,27599.6,2231.1
Bihar,Bhagalpur,Onion,2016,42343.3,737209.6,17410.3
Bihar,Bhagalpur,Cotton,2016,55631.6,120904.2,2173.3
Bihar,Bhagalpur,Banana,2016,36597.6,1765435.3,48239.1
Bihar,Darbhanga,Cotton,2016,36525.2,73875.9,2022.6
Bihar,Darbhanga,Groundnut,2016,45367.6,106450.5,2346.4
Bihar,Darbhanga,Wheat,2016,62336.4,196284.9,3148.8
Bihar,Darbhanga,Sugarcane,2016,66694.5,4845415.5,72650.9
Bihar,Darbhanga,Rice,2016,29429.2,113458.4,3855.3
West Bengal,Hooghly,Cotton,2016,64059.3,123679.3,1930.7
West Bengal,Hooghly,Onion,2016,23244.6,449046.2,19318.3
West Bengal,Hooghly,Potato,2016,73287.2,1417938.8,19347.7
West Bengal,Hooghly,Chickpea,2016,75264.9,97227.2,1291.8
West Bengal,Hooghly,Wheat,2016,48300.0,182086.2,3769.9
West Bengal,Burdwan,Potato,2016,57946.6,1401525.4,24186.5
West Bengal,Burdwan,Onion,2016,78510.3,1541165.0,19630.1
West Bengal,Burdwan,Rice,2016,39100.2,160690.1,4109.7
West Bengal,Burdwan,Chickpea,2016,31107.2,37910.3,1218.7
West Bengal,Burdwan,Maize,2016,13691.9,47664.2,3481.2
West Bengal,Nadia,Sugarcane,2016,74065.7,5906050.8,79740.7
West Bengal,Nadia,Wheat,2016,45064.4,148068.1,3285.7
West Bengal,Nadia,Onion,2016,47977.3,965648.7,20127.2
West Bengal,Nadia,Groundnut,2016,56039.9,145031.3,2588.0
West Bengal,Nadia,Maize,2016,60204.7,209379.9,3477.8
West Bengal,Murshidabad,Sugarcane,2016,68311.6,4978576.7,72880.4
West Bengal,Murshidabad,Potato,2016,7886.6,194497.8,24661.8
West Bengal,Murshidabad,Rice,2016,7760.6,27933.5,3599.4
West Bengal,Murshidabad,Groundnut,2016,53277.6,123465.5,2317.4
West Bengal,Murshidabad,Maize,2016,64433.6,171425.6,2660.5
West Bengal,Birbhum,Sugarcane,2016,58067.9,4673385.9,80481.4
West Bengal,Birbhum,Groundnut,2016,60486.8,129054.6,2133.6
West Bengal,Birbhum,Cotton,2016,25075.4,51622.7,2058.7
West Bengal,Birbhum,Wheat,2016,38855.9,146673.3,3774.8
West Bengal,Birbhum,Rice,2016,26992.6,97999.3,3630.6
Tamil Nadu,Coimbatore,Chickpea,2016,75708.2,94907.8,1253.6
Tamil Nadu,Coimbatore,Wheat,2016,38714.6,148176.3,3827.4
Tamil Nadu,Coimbatore,Rice,2016,16316.5,62598.3,3836.5
Tamil Nadu,Coimbatore,Cotton,2016,72204.1,146653.7,2031.1
Tamil Nadu,Coimbatore,Potato,2016,42164.7,924364.1,21922.7
Tamil Nadu,Madurai,Sugarcane,2016,48925.5,3382699.3,69139.8
Tamil Nadu,Madurai,Banana,2016,29357.7,1467597.3,49990.2
Tamil Nadu,Madurai,Potato,2016,13871.2,372240.6,26835.5
Tamil Nadu,Madurai,Onion,2016,43748.3,889752.9,20338.0
Tamil Nadu,Madurai,Wheat,2016,10442.2,37877.0,3627.3
Tamil Nadu,Salem,Cotton,2016,65287.6,116407.8,1783.0
Tamil Nadu,Salem,Chickpea,2016,54082.0,71869.6,1328.9
Tamil Nadu,Salem,Sugarcane,2016,41264.1,2819666.7,68332.2
Tamil Nadu,Salem,Onion,2016,71897.0,1309395.4,18212.1
Tamil Nadu,Salem,Wheat,2016,28487.9,101126.3,3549.8
Tamil Nadu,Thanjavur,Cotton,2016,58322.7,125597.9,2153.5
Tamil Nadu,Thanjavur,Chickpea,2016,18124.4,24785.1,1367.5
Tamil Nadu,Thanjavur,Groundnut,2016,78729.3,188470.1,2393.9
Tamil Nadu,Thanjavur,Rice,2016,69344.0,278437.0,4015.3
Tamil Nadu,Thanjavur,Onion,2016,14930.2,276602.9,18526.4
Tamil Nadu,Tiruchirappalli,Groundnut,2016,43107.3,101522.0,2355.1
Tamil Nadu,Tiruchirappalli,Wheat,2016,73815.7,268932.7,3643.3
Tamil Nadu,Tiruchirappalli,Cotton,2016,51169.0,97210.9,1899.8
Tamil Nadu,Tiruchirappalli,Maize,2016,35721.5,126889.9,3552.2
Tamil Nadu,Tiruchirappalli,Potato,2016,50353.5,984738.2,19556.5
Punjab,Ludhiana,Sugarcane,2017,28030.7,1924271.1,68648.7
Punjab,Ludhiana,Chickpea,2017,13242.8,18161.2,1371.4
Punjab,Ludhiana,Cotton,2017,44989.0,96942.3,2154.8
Punjab,Ludhiana,Groundnut,2017,43069.7,97772.5,2270.1
Punjab,Ludhiana,Banana,2017,62903.8,2865702.1,45556.9
Punjab,Amritsar,Rice,2017,62959.6,259443.9,4120.8
Punjab,Amritsar,Groundnut,2017,8480.6,17063.8,2012.1
Punjab,Amritsar,Onion,2017,34129.6,641612.6,18799.3
Punjab,Amritsar,Wheat,2017,31906.6,115208.4,3610.8
Punjab,Amritsar,Chickpea,2017,9178.3,11831.7,1289.1
Punjab,Jalandhar,Wheat,2017,46585.9,160493.1,3445.1
Punjab,Jalandhar,Chickpea,2017,57871.9,66153.4,1143.1
Punjab,Jalandhar,Sugarcane,2017,27402.2,2164058.6,78973.9
Punjab,Jalandhar,Rice,2017,54582.6,222222.1,4071.3
Punjab,Jalandhar,Potato,2017,52396.1,1381035.4,26357.6
Punjab,Patiala,Wheat,2017,70110.8,256058.7,3652.2
Punjab,Patiala,Rice,2017,73107.1,268602.8,3674.1
Punjab,Patiala,Potato,2017,65290.1,1585700.7,24287.0
Punjab,Patiala,Onion,2017,59664.2,1155886.5,19373.2
Punjab,Patiala,Sugarcane,2017,46365.9,3573452.4,77070.7
Punjab,Bathinda,Maize,2017,49492.3,173470.5,3505.0
Punjab,Bathinda,Banana,2017,67393.6,3213043.8,47675.8
Punjab,Bathinda,Wheat,2017,16346.0,67342.3,4119.8
Punjab,Bathinda,Chickpea,2017,38711.3,46492.3,1201.0
Punjab,Bathinda,Groundnut,2017,43215.6,97131.4,2247.6
Maharashtra,Nashik,Onion,2017,17323.9,282228.9,16291.3
Maharashtra,Nashik,Maize,2017,68843.5,228326.4,3316.6
Maharashtra,Nashik,Groundnut,2017,47358.0,112285.8,2371.0
Maharashtra,Nashik,Cotton,2017,19040.0,33822.7,1776.4
Maharashtra,Nashik,Sugarcane,2017,35991.0,2870822.1,79765.0
Maharashtra,Pune,Maize,2017,60203.9,195536.2,3247.9
Maharashtra,Pune,Wheat,2017,22053.8,82170.3,3725.9
Maharashtra,Pune,Potato,2017,54859.6,1175822.3,21433.3
Maharashtra,Pune,Chickpea,2017,64753.1,94138.1,1453.8
Maharashtra,Pune,Cotton,2017,61662.0,125846.0,2040.9
Maharashtra,Nagpur,Potato,2017,66773.5,1652009.8,24740.5
Maharashtra,Nagpur,Chickpea,2017,59225.8,71207.2,1202.3
Maharashtra,Nagpur,Banana,2017,39819.4,1760463.5,44211.2
Maharashtra,Nagpur,Rice,2017,50798.9,223550.7,4400.7
Maharashtra,Nagpur,Sugarcane,2017,18700.1,1425295.4,76218.6
Maharashtra,Aurangabad,Cotton,2017,46983.0,101243.7,2154.9
Maharashtra,Aurangabad,Wheat,2017,48856.9,181581.6,3716.6
Maharashtra,Aurangabad,Maize,2017,78107.5,273641.8,3503.4
Maharashtra,Aurangabad,Chickpea,2017,45609.5,58699.4,1287.0
Maharashtra,Aurangabad,Rice,2017,19936.0,73980.5,3710.9
Maharashtra,Solapur,Wheat,2017,21963.7,80316.9,3656.8
Maharashtra,Solapur,Sugarcane,2017,42218.5,2872014.8,68027.4
Maharashtra,Solapur,Groundnut,2017,47599.2,117779.5,2474.4
Maharashtra,Solapur,Chickpea,2017,20726.1,24599.8,1186.9
Maharashtra,Solapur,Banana,2017,55927.6,2245532.3,40150.7
Uttar Pradesh,Varanasi,Wheat,2017,9456.4,33765.0,3570.6
Uttar Pradesh,Varanasi,Cotton,2017,13965.4,28253.4,2023.1
Uttar Pradesh,Varanasi,Chickpea,2017,51789.1,75223.7,1452.5
Uttar Pradesh,Varanasi,Potato,2017,12260.7,309919.8,25277.5
Uttar Pradesh,Varanasi,Rice,2017,39651.3,163771.8,4130.3
Uttar Pradesh,Lucknow,Maize,2017,20276.4,62646.0,3089.6
Uttar Pradesh,Lucknow,Banana,2017,67011.6,3271807.9,48824.5
Uttar Pradesh,Lucknow,Groundnut,2017,12761.4,27347.7,2143.0
Uttar Pradesh,Lucknow,Chickpea,2017,7222.1,7992.0,1106.6
Uttar Pradesh,Lucknow,Wheat,2017,47611.9,171488.5,3601.8
Uttar Pradesh,Agra,Cotton,2017,32298.3,54264.4,1680.1
Uttar Pradesh,Agra,Maize,2017,57125.3,166308.9,2911.3
Uttar Pradesh,Agra,Groundnut,2017,63916.5,158423.4,2478.6
Uttar Pradesh,Agra,Wheat,2017,36617.7,110556.2,3019.2
Uttar Pradesh,Agra,Chickpea,2017,36452.6,49291.2,1352.2
Uttar Pradesh,Kanpur,Potato,2017,21583.2,546145.6,25304.2
Uttar Pradesh,Kanpur,Onion,2017,14532.1,252175.5,17353.0
Uttar Pradesh,Kanpur,Maize,2017,50109.5,180830.2,3608.7
Uttar Pradesh,Kanpur,Groundnut,2017,62049.9,162291.5,2615.5
Uttar Pradesh,Kanpur,Wheat,2017,25880.5,102781.8,3971.4
Uttar Pradesh,Prayagraj,Wheat,2017,14410.2,53091.5,3684.3
Uttar Pradesh,Prayagraj,Banana,2017,46175.6,2088914.9,45238.5
Uttar Pradesh,Prayagraj,Potato,2017,6685.9,175451.4,26242.0
Uttar Pradesh,Prayagraj,Maize,2017,64406.9,198399.0,3080.4
Uttar Pradesh,Prayagraj,Onion,2017,27014.4,471811.9,17465.2
Gujarat,Ahmedabad,Onion,2017,73097.9,1428596.1,19543.6
Gujarat,Ahmedabad,Sugarcane,2017,58965.4,4316550.3,73204.8
Gujarat,Ahmedabad,Wheat,2017,55379.4,214445.7,3872.3
Gujarat,Ahmedabad,Banana,2017,54485.6,2427753.0,44557.7
Gujarat,Ahmedabad,Rice,2017,18750.2,70592.6,3764.9
Gujarat,Surat,Cotton,2017,25007.9,48092.7,1923.1
Gujarat,Surat,Chickpea,2017,76059.0,103364.2,1359.0
Gujarat,Surat,Onion,2017,15913.4,335884.1,21107.0
Gujarat,Surat,Maize,2017,13490.8,47513.2,3521.9
Gujarat,Surat,Sugarcane,2017,33932.5,2718688.9,80120.5
Gujarat,Rajkot,Potato,2017,24723.5,569960.7,23053.4
Gujarat,Rajkot,Banana,2017,13459.2,600398.8,44608.8
Gujarat,Rajkot,Wheat,2017,63099.7,220306.3,3491.4
Gujarat,Rajkot,Chickpea,2017,59391.2,81544.1,1373.0
Gujarat,Rajkot,Maize,2017,76004.7,257724.3,3390.9
Gujarat,Vadodara,Sugarcane,2017,63273.8,5084821.8,80362.2
Gujarat,Vadodara,Maize,2017,15707.0,56634.7,3605.7
Gujarat,Vadodara,Banana,2017,20724.6,1091392.7,52661.7
Gujarat,Vadodara,Chickpea,2017,23627.4,32624.7,1380.8
Gujarat,Vadodara,Groundnut,2017,46350.6,106583.2,2299.5
Gujarat,Junagadh,Wheat,2017,29269.5,103927.2,3550.7
Gujarat,Junagadh,Sugarcane,2017,71920.1,6185912.5,86010.9
Gujarat,Junagadh,Banana,2017,65186.1,3151206.9,48341.7
Gujarat,Junagadh,Cotton,2017,9355.1,19524.1,2087.0
Gujarat,Junagadh,Maize,2017,35820.1,109516.4,3057.4
Karnataka,Bengaluru Rural,Banana,2017,59094.2,2691149.9,45540.0
Karnataka,Bengaluru Rural,Rice,2017,36076.8,145883.8,4043.7
Karnataka,Bengaluru Rural,Onion,2017,6030.0,120484.2,19980.8
Karnataka,Bengaluru Rural,Chickpea,2017,31127.2,42977.3,1380.7
Karnataka,Bengaluru Rural,Cotton,2017,54737.2,116530.0,2128.9
Karnataka,Belagavi,Maize,2017,34692.5,110457.5,3183.9
Karnataka,Belagavi,Potato,2017,57280.9,1386484.2,24205.0
Karnataka,Belagavi,Sugarcane,2017,33498.2,2354410.9,70284.7
Karnataka,Belagavi,Chickpea,2017,43459.9,62425.8,1436.4
Karnataka,Belagavi,Groundnut,2017,67462.0,163878.7,2429.2
Karnataka,Mysuru,Wheat,2017,27944.5,97898.0,3503.3
Karnataka,Mysuru,Onion,2017,64173.4,1223960.0,19072.7
Karnataka,Mysuru,Cotton,2017,14951.0,27233.2,1821.5
Karnataka,Mysuru,Sugarcane,2017,69307.2,6166060.6,88967.1
Karnataka,Mysuru,Potato,2017,73947.2,1713837.3,23176.5
Karnataka,Hubballi,Groundnut,2017,20300.0,54602.9,2689.8
Karnataka,Hubballi,Potato,2017,44788.6,1094731.9,24442.2
Karnataka,Hubballi,Wheat,2017,78776.4,293875.4,3730.5
Karnataka,Hubballi,Cotton,2017,78725.2,149562.1,1899.8
Karnataka,Hubballi,Sugarcane,2017,27004.3,1825485.3,67599.8
Karnataka,Dharwad,Wheat,2017,28368.6,102736.9,3621.5
Karnataka,Dharwad,Sugarcane,2017,6327.2,467973.0,73962.1
Karnataka,Dharwad,Groundnut,2017,7886.1,19798.1,2510.5
Karnataka,Dharwad,Rice,2017,34689.4,128971.7,3717.9
Karnataka,Dharwad,Banana,2017,29641.8,1425314.1,48084.6
Rajasthan,Jaipur,Potato,2017,25668.4,604434.3,23547.8
Rajasthan,Jaipur,Banana,2017,28883.6,1486416.5,51462.3
Rajasthan,Jaipur,Rice,2017,57907.8,203968.6,3522.3
Rajasthan,Jaipur,Chickpea,2017,75212.2,88126.1,1171.7
Rajasthan,Jaipur,Maize,2017,22562.5,73127.3,3241.1
Rajasthan,Jodhpur,Onion,2017,53195.0,1031951.1,19399.4
Rajasthan,Jodhpur,Cotton,2017,16915.4,30821.6,1822.1
Rajasthan,Jodhpur,Maize,2017,67024.6,190075.1,2835.9
Rajasthan,Jodhpur,Sugarcane,2017,19365.3,1298489.8,67052.4
Rajasthan,Jodhpur,Potato,2017,17363.0,450840.7,25965.6
Rajasthan,Udaipur,Onion,2017,16513.5,292336.8,17702.9
Rajasthan,Udaipur,Maize,2017,47127.7,148951.8,3160.6
Rajasthan,Udaipur,Chickpea,2017,11717.4,15894.7,1356.5
Rajasthan,Udaipur,Sugarcane,2017,37692.6,3021981.6,80174.4
Rajasthan,Udaipur,Rice,2017,64475.7,251564.8,3901.7
Rajasthan,Kota,Cotton,2017,15132.6,27679.0,1829.1
Rajasthan,Kota,Maize,2017,6625.0,21728.7,3279.8
Rajasthan,Kota,Potato,2017,75843.5,1973796.8,26024.6
Rajasthan,Kota,Wheat,2017,50747.9,170792.1,3365.5
Rajasthan,Kota,Onion,2017,26068.9,461411.7,17699.7
Rajasthan,Bikaner,Rice,2017,51272.4,186072.7,3629.1
Rajasthan,Bikaner,Cotton,2017,55422.1,102032.1,1841.0
Rajasthan,Bikaner,Potato,2017,35041.2,938466.4,26781.8
Rajasthan,Bikaner,Groundnut,2017,64873.6,139244.7,2146.4
Rajasthan,Bikaner,Onion,2017,17917.1,313741.0,17510.7
Madhya Pradesh,Indore,Rice,2017,32730.4,125118.5,3822.7
Madhya Pradesh,Indore,Banana,2017,7551.7,320197.4,42400.7
Madhya Pradesh,Indore,Maize,2017,78220.1,252956.0,3233.9
Madhya Pradesh,Indore,Groundnut,2017,19119.9,46656.4,2440.2
Madhya Pradesh,Indore,Wheat,2017,31633.6,110404.4,3490.1
Madhya Pradesh,Bhopal,Maize,2017,44802.6,152633.5,3406.8
Madhya Pradesh,Bhopal,Rice,2017,26960.0,113903.3,4224.9
Madhya Pradesh,Bhopal,Chickpea,2017,34156.4,41824.5,1224.5
Madhya Pradesh,Bhopal,Sugarcane,2017,28783.9,2181261.2,75780.6
Madhya Pradesh,Bhopal,Onion,2017,8416.4,144470.9,17165.4
Madhya Pradesh,Ujjain,Wheat,2017,57312.6,211260.0,3686.1
Madhya Pradesh,Ujjain,Potato,2017,77923.4,1958152.7,25129.2
Madhya Pradesh,Ujjain,Groundnut,2017,11156.7,27115.2,2430.4
Madhya Pradesh,Ujjain,Cotton,2017,13338.4,25164.2,1886.6
Madhya Pradesh,Ujjain,Sugarcane,2017,79197.1,5604509.5,70766.6
Madhya Pradesh,Jabalpur,Onion,2017,53301.2,1013533.0,19015.2
Madhya Pradesh,Jabalpur,Cotton,2017,13265.1,28624.8,2157.9
Madhya Pradesh,Jabalpur,Rice,2017,71083.4,276976.5,3896.5
Madhya Pradesh,Jabalpur,Banana,2017,41195.5,1840474.9,44676.6
Madhya Pradesh,Jabalpur,Maize,2017,60186.5,175214.9,2911.2
Madhya Pradesh,Gwalior,Maize,2017,67196.5,229261.0,3411.8
Madhya Pradesh,Gwalior,Potato,2017,61398.8,1478710.3,24083.7
Madhya Pradesh,Gwalior,Onion,2017,16660.7,291475.6,17494.8
Madhya Pradesh,Gwalior,Chickpea,2017,72194.8,101996.8,1412.8
Madhya Pradesh,Gwalior,Banana,2017,8345.0,393657.0,47172.8
Bihar,Patna,Banana,2017,77908.7,3597956.2,46181.7
Bihar,Patna,Rice,2017,40163.9,141850.9,3531.8
Bihar,Patna,Chickpea,2017,26730.1,33928.5,1269.3
Bihar,Patna,Cotton,2017,59388.6,108122.9,1820.6
Bihar,Patna,Potato,2017,15751.8,385514.3,24474.3
Bihar,Gaya,Potato,2017,42592.9,958549.0,22504.9
Bihar,Gaya,Maize,2017,46787.8,162157.2,3465.8
Bihar,Gaya,Banana,2017,53572.6,2494399.2,46561.1
Bihar,Gaya,Chickpea,2017,41440.0,63950.2,1543.2
Bihar,Gaya,Rice,2017,77012.8,326826.9,4243.8
Bihar,Muzaffarpur,Rice,2017,55551.9,218041.2,3925.0
Bihar,Muzaffarpur,Maize,2017,25637.7,81730.4,3187.9
Bihar,Muzaffarpur,Cotton,2017,7746.3,16051.9,2072.2
Bihar,Muzaffarpur,Onion,2017,75219.7,1411445.0,18764.3
Bihar,Muzaffarpur,Sugarcane,2017,29005.7,1932281.4,66617.3
Bihar,Bhagalpur,Potato,2017,72136.8,1876054.5,26006.9
Bihar,Bhagalpur,Sugarcane,2017,30764.9,2139295.8,69536.9
Bihar,Bhagalpur,Cotton,2017,57908.2,107025.9,1848.2
Bihar,Bhagalpur,Maize,2017,51305.0,170886.7,3330.8
Bihar,Bhagalpur,Groundnut,2017,47959.1,112881.3,2353.7
Bihar,Darbhanga,Banana,2017,72048.1,3276581.9,45477.7
Bihar,Darbhanga,Cotton,2017,9822.7,18392.0,1872.4
Bihar,Darbhanga,Groundnut,2017,75823.0,157044.6,2071.2
Bihar,Darbhanga,Potato,2017,19020.2,494801.0,26014.5
Bihar,Darbhanga,Sugarcane,2017,35275.3,2778536.6,78767.2
West Bengal,Hooghly,Rice,2017,55504.8,243843.7,4393.2
West Bengal,Hooghly,Sugarcane,2017,29838.2,2379450.2,79745.1
West Bengal,Hooghly,Groundnut,2017,64104.2,148747.4,2320.4
West Bengal,Hooghly,Wheat,2017,56760.8,169124.5,2979.6
West Bengal,Hooghly,Chickpea,2017,42101.3,52433.0,1245.4
West Bengal,Burdwan,Rice,2017,39057.9,137038.5,3508.6
West Bengal,Burdwan,Cotton,2017,34675.8,63071.8,1818.9
West Bengal,Burdwan,Banana,2017,39867.7,1989765.0,49909.2
West Bengal,Burdwan,Potato,2017,62637.7,1434578.7,22902.8
West Bengal,Burdwan,Maize,2017,24854.5,84798.6,3411.8
West Bengal,Nadia,Chickpea,2017,7925.7,10286.0,1297.8
West Bengal,Nadia,Potato,2017,53183.8,1309151.1,24615.6
West Bengal,Nadia,Maize,2017,16899.5,53294.3,3153.6
West Bengal,Nadia,Banana,2017,20844.7,951662.7,45654.9
West Bengal,Nadia,Sugarcane,2017,14536.6,1082796.4,74487.6
West Bengal,Murshidabad,Cotton,2017,23774.5,50841.8,2138.5
West Bengal,Murshidabad,Maize,2017,79069.3,244229.3,3088.8
West Bengal,Murshidabad,Chickpea,2017,34320.2,46236.2,1347.2
West Bengal,Murshidabad,Wheat,2017,39353.9,131827.7,3349.8
West Bengal,Murshidabad,Rice,2017,42353.0,165435.1,3906.1
West Bengal,Birbhum,Cotton,2017,62962.8,121795.2,1934.4
West Bengal,Birbhum,Groundnut,2017,64125.3,157934.2,2462.9
West Bengal,Birbhum,Rice,2017,74653.9,285133.1,3819.4
West Bengal,Birbhum,Banana,2017,46785.5,2377746.7,50822.3
West Bengal,Birbhum,Maize,2017,37634.2,113922.5,3027.1
Tamil Nadu,Coimbatore,Onion,2017,71823.1,1363410.7,18982.9
Tamil Nadu,Coimbatore,Sugarcane,2017,76145.4,6679786.7,87724.1
Tamil Nadu,Coimbatore,Wheat,2017,18993.5,76638.8,4035.0
Tamil Nadu,Coimbatore,Maize,2017,17396.2,55899.2,3213.3
Tamil Nadu,Coimbatore,Rice,2017,78010.4,330280.4,4233.8
Tamil Nadu,Madurai,Chickpea,2017,64779.4,80248.7,1238.8
Tamil Nadu,Madurai,Sugarcane,2017,44363.8,3626190.5,81737.6
Tamil Nadu,Madurai,Banana,2017,36912.8,1914910.6,51876.6
Tamil Nadu,Madurai,Maize,2017,6343.7,21040.8,3316.8
Tamil Nadu,Madurai,Onion,2017,50199.3,863372.7,17198.9
Tamil Nadu,Salem,Cotton,2017,39944.4,73529.7,1840.8
Tamil Nadu,Salem,Chickpea,2017,42453.6,52842.0,1244.7
Tamil Nadu,Salem,Banana,2017,68124.8,2715175.2,39855.9
Tamil Nadu,Salem,Groundnut,2017,72566.3,164028.9,2260.4
Tamil Nadu,Salem,Onion,2017,73339.5,1295402.9,17663.1
Tamil Nadu,Thanjavur,Chickpea,2017,16536.3,22090.8,1335.9
Tamil Nadu,Thanjavur,Onion,2017,60058.4,985282.1,16405.4
Tamil Nadu,Thanjavur,Maize,2017,9671.5,32343.4,3344.2
Tamil Nadu,Thanjavur,Cotton,2017,35409.0,71462.4,2018.2
Tamil Nadu,Thanjavur,Potato,2017,50972.0,1175679.4,23065.2
Tamil Nadu,Tiruchirappalli,Rice,2017,71683.9,298764.2,4167.8
Tamil Nadu,Tiruchirappalli,Onion,2017,72420.7,1403592.8,19381.1
Tamil Nadu,Tiruchirappalli,Wheat,2017,73173.5,262517.2,3587.6
Tamil Nadu,Tiruchirappalli,Groundnut,2017,77081.9,190924.2,2476.9
Tamil Nadu,Tiruchirappalli,Cotton,2017,27482.8,51008.1,1856.0
Punjab,Ludhiana,Maize,2018,56326.7,194321.5,3449.9
Punjab,Ludhiana,Potato,2018,23955.6,631620.5,26366.3
Punjab,Ludhiana,Onion,2018,72956.4,1443916.6,19791.5
Punjab,Ludhiana,Chickpea,2018,29394.0,37333.3,1270.1
Punjab,Ludhiana,Wheat,2018,40102.3,148851.7,3711.8
Punjab,Amritsar,Potato,2018,43119.4,955047.3,22148.9
Punjab,Amritsar,Banana,2018,23722.3,990054.9,41735.2
Punjab,Amritsar,Sugarcane,2018,75149.7,5407261.4,71953.2
Punjab,Amritsar,Groundnut,2018,11208.6,27785.0,2478.9
Punjab,Amritsar,Cotton,2018,77694.1,163794.7,2108.2
Punjab,Jalandhar,Onion,2018,43259.2,856402.4,19797.0
Punjab,Jalandhar,Rice,2018,53039.4,200144.2,3773.5
Punjab,Jalandhar,Chickpea,2018,61502.9,92192.8,1499.0
Punjab,Jalandhar,Groundnut,2018,33232.3,76234.9,2294.0
Punjab,Jalandhar,Maize,2018,22516.2,78998.1,3508.5
Punjab,Patiala,Rice,2018,68733.1,259481.2,3775.2
Punjab,Patiala,Onion,2018,70078.6,1291044.0,18422.8
Punjab,Patiala,Wheat,2018,60864.6,237445.0,3901.2
Punjab,Patiala,Cotton,2018,27165.4,50978.6,1876.6
Punjab,Patiala,Groundnut,2018,78029.0,184671.2,2366.7
Punjab,Bathinda,Sugarcane,2018,50663.2,3738569.3,73792.6
Punjab,Bathinda,Onion,2018,55135.5,926111.0,16797.0
Punjab,Bathinda,Cotton,2018,22652.4,46186.0,2038.9
Punjab,Bathinda,Wheat,2018,23774.1,84041.4,3535.0
Punjab,Bathinda,Rice,2018,38467.3,153219.1,3983.1
Maharashtra,Nashik,Rice,2018,51891.0,220132.0,4242.2
Maharashtra,Nashik,Onion,2018,15906.1,287884.5,18099.0
Maharashtra,Nashik,Sugarcane,2018,39371.5,2873265.1,72978.3
Maharashtra,Nashik,Potato,2018,6537.2,161952.6,24774.0
Maharashtra,Nashik,Wheat,2018,32092.5,117834.0,3671.7
Maharashtra,Pune,Maize,2018,43366.5,154176.6,3555.2
Maharashtra,Pune,Banana,2018,73437.4,3598990.7,49007.6
Maharashtra,Pune,Chickpea,2018,43016.5,54544.9,1268.0
Maharashtra,Pune,Onion,2018,12053.3,240099.3,19919.8
Maharashtra,Pune,Rice,2018,70759.8,253900.3,3588.2
Maharashtra,Nagpur,Potato,2018,28845.6,734515.7,25463.7
Maharashtra,Nagpur,Onion,2018,74404.7,1540043.4,20698.2
Maharashtra,Nagpur,Banana,2018,12383.3,551466.7,44533.1
Maharashtra,Nagpur,Rice,2018,43992.3,160417.9,3646.5
Maharashtra,Nagpur,Maize,2018,60300.9,201929.6,3348.7
Maharashtra,Aurangabad,Wheat,2018,37126.1,128875.8,3471.3
Maharashtra,Aurangabad,Banana,2018,16165.7,698246.7,43193.1
Maharashtra,Aurangabad,Rice,2018,65209.8,233698.9,3583.8
Maharashtra,Aurangabad,Cotton,2018,12530.4,25422.9,2028.9
Maharashtra,Aurangabad,Chickpea,2018,23607.3,33692.3,1427.2
Maharashtra,Solapur,Maize,2018,67579.8,240888.2,3564.5
Maharashtra,Solapur,Banana,2018,79468.1,3850944.7,48459.0
Maharashtra,Solapur,Cotton,2018,13462.7,28526.1,2118.9
Maharashtra,Solapur,Potato,2018,49033.7,1133718.0,23121.2
Maharashtra,Solapur,Onion,2018,52356.4,1016646.1,19417.8
Uttar Pradesh,Varanasi,Chickpea,2018,58970.6,81568.1,1383.2
Uttar Pradesh,Varanasi,Wheat,2018,9707.8,35616.9,3668.9
Uttar Pradesh,Varanasi,Maize,2018,34796.2,113595.7,3264.6
Uttar Pradesh,Varanasi,Sugarcane,2018,15974.6,945113.2,59163.5
Uttar Pradesh,Varanasi,Rice,2018,8028.1,30550.1,3805.4
Uttar Pradesh,Lucknow,Cotton,2018,8866.7,19168.0,2161.8
Uttar Pradesh,Lucknow,Rice,2018,20064.2,79674.9,3971.0
Uttar Pradesh,Lucknow,Chickpea,2018,30232.7,40013.0,1323.5
Uttar Pradesh,Lucknow,Potato,2018,73890.2,1800829.8,24371.7
Uttar Pradesh,Lucknow,Wheat,2018,10044.8,37683.1,3751.5
Uttar Pradesh,Agra,Chickpea,2018,45470.8,59057.5,1298.8
Uttar Pradesh,Agra,Onion,2018,31929.3,569621.9,17840.1
Uttar Pradesh,Agra,Rice,2018,21868.1,78169.7,3574.6
Uttar Pradesh,Agra,Banana,2018,54645.0,2543293.1,46542.1
Uttar Pradesh,Agra,Maize,2018,21345.2,70249.2,3291.1
Uttar Pradesh,Kanpur,Onion,2018,38374.7,772624.7,20133.7
Uttar Pradesh,Kanpur,Maize,2018,75687.5,236939.7,3130.5
Uttar Pradesh,Kanpur,Groundnut,2018,38524.3,92342.7,2397.0
Uttar Pradesh,Kanpur,Cotton,2018,54621.0,110285.3,2019.1
Uttar Pradesh,Kanpur,Potato,2018,66908.1,1578803.7,23596.6
Uttar Pradesh,Prayagraj,Wheat,2018,68132.9,262005.1,3845.5
Uttar Pradesh,Prayagraj,Banana,2018,70590.9,3009283.0,42629.9
Uttar Pradesh,Prayagraj,Sugarcane,2018,8569.0,716592.9,83626.2
Uttar Pradesh,Prayagraj,Groundnut,2018,38290.4,82906.4,2165.2
Uttar Pradesh,Prayagraj,Potato,2018,62049.1,1510088.9,24337.0
Gujarat,Ahmedabad,Maize,2018,61158.4,200685.2,3281.4
Gujarat,Ahmedabad,Banana,2018,44637.7,2093048.4,46889.7
Gujarat,Ahmedabad,Cotton,2018,16502.4,32570.8,1973.7
Gujarat,Ahmedabad,Onion,2018,37484.9,745814.6,19896.4
Gujarat,Ahmedabad,Rice,2018,50045.7,201464.0,4025.6
Gujarat,Surat,Groundnut,2018,40739.7,92882.4,2279.9
Gujarat,Surat,Banana,2018,20587.6,900962.8,43762.4
Gujarat,Surat,Maize,2018,43793.3,145652.1,3325.9
Gujarat,Surat,Rice,2018,53412.1,207030.6,3876.1
Gujarat,Surat,Sugarcane,2018,16699.2,1295502.2,77578.7
Gujarat,Rajkot,Maize,2018,53321.0,187668.6,3519.6
Gujarat,Rajkot,Groundnut,2018,36728.9,85266.1,2321.5
Gujarat,Rajkot,Banana,2018,41238.6,1899977.8,46072.8
Gujarat,Rajkot,Wheat,2018,53022.8,188846.0,3561.6
Gujarat,Rajkot,Potato,2018,72003.5,1716066.6,23833.1
Gujarat,Vadodara,Banana,2018,42341.7,1990364.8,47007.2
Gujarat,Vadodara,Maize,2018,64142.9,207380.4,3233.1
Gujarat,Vadodara,Potato,2018,49705.0,1091308.1,21955.7
Gujarat,Vadodara,Sugarcane,2018,25635.5,1962910.2,76570.0
Gujarat,Vadodara,Chickpea,2018,41569.0,54052.2,1300.3
Gujarat,Junagadh,Onion,2018,22256.7,423469.3,19026.6
Gujarat,Junagadh,Wheat,2018,27731.2,111928.7,4036.2
Gujarat,Junagadh,Maize,2018,46618.3,157649.1,3381.7
Gujarat,Junagadh,Sugarcane,2018,41914.5,3269062.7,77993.6
Gujarat,Junagadh,Chickpea,2018,12451.4,16840.5,1352.5
Karnataka,Bengaluru Rural,Cotton,2018,9332.8,18827.1,2017.3
Karnataka,Bengaluru Rural,Potato,2018,56998.7,1398349.1,24533.0
Karnataka,Bengaluru Rural,Wheat,2018,34196.7,143523.5,4197.0
Karnataka,Bengaluru Rural,Maize,2018,41537.1,140698.6,3387.3
Karnataka,Bengaluru Rural,Sugarcane,2018,79114.8,6579574.4,83164.9
Karnataka,Belagavi,Cotton,2018,49843.8,105220.3,2111.0
Karnataka,Belagavi,Chickpea,2018,26256.1,34377.1,1309.3
Karnataka,Belagavi,Rice,2018,69551.5,269532.9,3875.3
Karnataka,Belagavi,Onion,2018,44665.8,808428.6,18099.5
Karnataka,Belagavi,Wheat,2018,59536.7,245392.4,4121.7
Karnataka,Mysuru,Banana,2018,70098.8,3559364.7,50776.4
Karnataka,Mysuru,Wheat,2018,79233.8,291318.9,3676.7
Karnataka,Mysuru,Chickpea,2018,57679.0,67247.9,1165.9
Karnataka,Mysuru,Sugarcane,2018,47521.3,3795250.6,79864.2
Karnataka,Mysuru,Onion,2018,18679.9,370265.5,19821.6
Karnataka,Hubballi,Banana,2018,47508.2,2146971.6,45191.6
Karnataka,Hubballi,Chickpea,2018,64899.3,92488.0,1425.1
Karnataka,Hubballi,Onion,2018,53727.0,1061806.7,19763.0
Karnataka,Hubballi,Cotton,2018,63754.1,124550.0,1953.6
Karnataka,Hubballi,Wheat,2018,8857.3,29726.0,3356.1
Karnataka,Dharwad,Cotton,2018,17148.4,35624.1,2077.4
Karnataka,Dharwad,Onion,2018,69891.5,1225491.5,17534.2
Karnataka,Dharwad,Wheat,2018,63233.3,255513.1,4040.8
Karnataka,Dharwad,Groundnut,2018,30449.6,63889.4,2098.2
Karnataka,Dharwad,Rice,2018,29668.2,125914.8,4244.1
Rajasthan,Jaipur,Wheat,2018,47119.8,172486.7,3660.6
Rajasthan,Jaipur,Groundnut,2018,19439.8,41420.4,2130.7
Rajasthan,Jaipur,Cotton,2018,13050.6,25452.6,1950.3
Rajasthan,Jaipur,Banana,2018,64187.2,3171496.0,49410.1
Rajasthan,Jaipur,Sugarcane,2018,65041.6,5077661.1,78067.9
Rajasthan,Jodhpur,Cotton,2018,66960.3,135842.4,2028.7
Rajasthan,Jodhpur,Maize,2018,49536.1,140841.0,2843.2
Rajasthan,Jodhpur,Rice,2018,55846.2,200957.0,3598.4
Rajasthan,Jodhpur,Sugarcane,2018,78144.7,5993542.2,76698.0
Rajasthan,Jodhpur,Potato,2018,40949.8,1022729.4,24975.2
Rajasthan,Udaipur,Sugarcane,2018,54040.1,4139871.6,76607.4
Rajasthan,Udaipur,Rice,2018,13561.9,53363.4,3934.8
Rajasthan,Udaipur,Banana,2018,55803.3,2650188.0,47491.6
Rajasthan,Udaipur,Onion,2018,14015.6,272175.9,19419.5
Rajasthan,Udaipur,Maize,2018,59440.0,174682.3,2938.8
Rajasthan,Kota,Wheat,2018,7836.2,27025.5,3448.8
Rajasthan,Kota,Onion,2018,57734.6,985951.1,17077.3
Rajasthan,Kota,Rice,2018,32250.1,126584.9,3925.1
Rajasthan,Kota,Groundnut,2018,73112.6,165753.6,2267.1
Rajasthan,Kota,Cotton,2018,65020.7,127369.0,1958.9
Rajasthan,Bikaner,Potato,2018,16750.6,352558.3,21047.5
Rajasthan,Bikaner,Chickpea,2018,46986.6,63131.2,1343.6
Rajasthan,Bikaner,Onion,2018,9377.4,210416.7,22438.7
Rajasthan,Bikaner,Maize,2018,38362.2,127078.6,3312.6
Rajasthan,Bikaner,Rice,2018,41146.8,143322.5,3483.2
Madhya Pradesh,Indore,Chickpea,2018,66988.4,83353.7,1244.3
Madhya Pradesh,Indore,Potato,2018,58433.2,1639337.6,28054.9
Madhya Pradesh,Indore,Groundnut,2018,11729.9,26983.5,2300.4
Madhya Pradesh,Indore,Sugarcane,2018,30745.4,2715888.8,88334.8
Madhya Pradesh,Indore,Onion,2018,60839.9,1236406.7,20322.3
Madhya Pradesh,Bhopal,Wheat,2018,21011.7,76119.1,3622.7
Madhya Pradesh,Bhopal,Banana,2018,45652.8,2232125.2,48893.5
Madhya Pradesh,Bhopal,Chickpea,2018,31131.7,37607.1,1208.0
Madhya Pradesh,Bhopal,Potato,2018,16005.1,416190.2,26003.6
Madhya Pradesh,Bhopal,Onion,2018,15347.3,272991.6,17787.6
Madhya Pradesh,Ujjain,Onion,2018,75259.4,1483618.7,19713.4
Madhya Pradesh,Ujjain,Potato,2018,22564.0,545198.1,24162.3
Madhya Pradesh,Ujjain,Wheat,2018,42550.6,146348.5,3439.4
Madhya Pradesh,Ujjain,Rice,2018,40231.5,152107.3,3780.8
Madhya Pradesh,Ujjain,Groundnut,2018,22041.3,43943.7,1993.7
Madhya Pradesh,Jabalpur,Chickpea,2018,73727.0,103977.2,1410.3
Madhya Pradesh,Jabalpur,Potato,2018,9243.5,213104.3,23054.5
Madhya Pradesh,Jabalpur,Cotton,2018,18135.4,40641.4,2241.0
Madhya Pradesh,Jabalpur,Maize,2018,34835.4,104182.2,2990.7
Madhya Pradesh,Jabalpur,Groundnut,2018,45806.3,110182.5,2405.4
Madhya Pradesh,Gwalior,Sugarcane,2018,79657.5,6725936.8,84435.7
Madhya Pradesh,Gwalior,Maize,2018,21259.0,70071.8,3296.1
Madhya Pradesh,Gwalior,Chickpea,2018,6591.3,8307.0,1260.3
Madhya Pradesh,Gwalior,Wheat,2018,28961.9,102811.8,3549.9
Madhya Pradesh,Gwalior,Banana,2018,22303.2,868002.6,38918.3
Bihar,Patna,Sugarcane,2018,23021.4,1641709.0,71312.3
Bihar,Patna,Groundnut,2018,60058.8,139810.9,2327.9
Bihar,Patna,Potato,2018,25431.0,590367.9,23214.5
Bihar,Patna,Onion,2018,18427.1,340807.4,18494.9
Bihar,Patna,Cotton,2018,70828.5,143980.2,2032.8
Bihar,Gaya,Groundnut,2018,57123.9,145603.1,2548.9
Bihar,Gaya,Onion,2018,14679.6,292502.8,19925.8
Bihar,Gaya,Chickpea,2018,71099.3,96872.8,1362.5
Bihar,Gaya,Wheat,2018,23997.4,101156.2,4215.3
Bihar,Gaya,Sugarcane,2018,65083.2,4221563.2,64864.1
Bihar,Muzaffarpur,Onion,2018,31166.5,628117.2,20153.6
Bihar,Muzaffarpur,Banana,2018,17384.9,767727.6,44160.6
Bihar,Muzaffarpur,Maize,2018,62982.1,184065.2,2922.5
Bihar,Muzaffarpur,Rice,2018,59761.3,246342.1,4122.1
Bihar,Muzaffarpur,Sugarcane,2018,32341.6,2704039.1,83608.7
Bihar,Bhagalpur,Maize,2018,10384.2,36826.5,3546.4
Bihar,Bhagalpur,Cotton,2018,56940.2,109034.8,1914.9
Bihar,Bhagalpur,Potato,2018,19742.8,521146.7,26396.8
Bihar,Bhagalpur,Sugarcane,2018,11114.4,884594.0,79589.9
Bihar,Bhagalpur,Wheat,2018,28201.7,97152.0,3444.9
Bihar,Darbhanga,Onion,2018,44020.6,855042.9,19423.7
Bihar,Darbhanga,Groundnut,2018,46826.3,122492.9,2615.9
Bihar,Darbhanga,Maize,2018,22299.3,75795.3,3399.0
Bihar,Darbhanga,Rice,2018,46104.8,203465.1,4413.1
Bihar,Darbhanga,Cotton,2018,32674.7,75070.1,2297.5
West Bengal,Hooghly,Onion,2018,13278.6,270449.2,20367.3
West Bengal,Hooghly,Banana,2018,34845.9,1545123.0,44341.6
West Bengal,Hooghly,Wheat,2018,35480.7,127350.9,3589.3
West Bengal,Hooghly,Sugarcane,2018,75495.7,4981681.9,65986.3
West Bengal,Hooghly,Chickpea,2018,40387.3,50585.1,1252.5
West Bengal,Burdwan,Groundnut,2018,11364.8,25844.7,2274.1
West Bengal,Burdwan,Rice,2018,63616.8,244282.2,3839.9
West Bengal,Burdwan,Wheat,2018,55078.2,205342.5,3728.2
West Bengal,Burdwan,Potato,2018,72507.9,1659488.3,22887.0
West Bengal,Burdwan,Maize,2018,41624.7,135962.9,3266.4
West Bengal,Nadia,Potato,2018,35132.7,862553.5,24551.3
West Bengal,Nadia,Wheat,2018,50182.5,183447.1,3655.6
West Bengal,Nadia,Sugarcane,2018,28264.8,2045356.8,72364.1
West Bengal,Nadia,Rice,2018,32711.3,130420.0,3987.0
West Bengal,Nadia,Cotton,2018,69574.7,141132.3,2028.5
West Bengal,Murshidabad,Groundnut,2018,77883.8,198268.8,2545.7
West Bengal,Murshidabad,Rice,2018,35833.1,139082.6,3881.4
West Bengal,Murshidabad,Chickpea,2018,48891.1,58336.9,1193.2
West Bengal,Murshidabad,Onion,2018,63641.5,1111874.3,17470.9
West Bengal,Murshidabad,Maize,2018,69586.2,235117.9,3378.8
West Bengal,Birbhum,Rice,2018,20870.9,91437.5,4381.1
West Bengal,Birbhum,Onion,2018,73583.3,1436368.1,19520.3
West Bengal,Birbhum,Potato,2018,38354.9,980343.6,25559.8
West Bengal,Birbhum,Sugarcane,2018,26790.9,1836808.2,68560.9
West Bengal,Birbhum,Banana,2018,44448.1,2146429.9,48290.7
Tamil Nadu,Coimbatore,Sugarcane,2018,64466.8,4960243.2,76942.6
Tamil Nadu,Coimbatore,Maize,2018,37701.2,126114.3,3345.1
Tamil Nadu,Coimbatore,Chickpea,2018,32786.5,45448.6,1386.2
Tamil Nadu,Coimbatore,Potato,2018,76584.6,1899849.5,24807.2
Tamil Nadu,Coimbatore,Wheat,2018,58186.0,211279.2,3631.1
Tamil Nadu,Madurai,Groundnut,2018,31298.4,71429.2,2282.2
Tamil Nadu,Madurai,Banana,2018,16856.0,797831.6,47332.2
Tamil Nadu,Madurai,Chickpea,2018,40699.3,58179.6,1429.5
Tamil Nadu,Madurai,Maize,2018,71267.3,225097.8,3158.5
Tamil Nadu,Madurai,Cotton,2018,50326.0,112312.5,2231.7
Tamil Nadu,Salem,Potato,2018,26964.1,748251.1,27749.9
Tamil Nadu,Salem,Onion,2018,73750.4,1283227.5,17399.6
Tamil Nadu,Salem,Sugarcane,2018,59100.7,4475347.3,75724.1
Tamil Nadu,Salem,Cotton,2018,18928.3,40928.7,2162.3
Tamil Nadu,Salem,Rice,2018,31099.1,125223.6,4026.6
Tamil Nadu,Thanjavur,Groundnut,2018,15924.2,34781.6,2184.2
Tamil Nadu,Thanjavur,Onion,2018,31509.9,605415.5,19213.5
Tamil Nadu,Thanjavur,Chickpea,2018,76362.4,92222.9,1207.7
Tamil Nadu,Thanjavur,Wheat,2018,19024.0,77307.8,4063.7
Tamil Nadu,Thanjavur,Potato,2018,25478.9,641326.8,25170.9
Tamil Nadu,Tiruchirappalli,Rice,2018,46069.3,186608.3,4050.6
Tamil Nadu,Tiruchirappalli,Groundnut,2018,70810.2,165334.7,2334.9
Tamil Nadu,Tiruchirappalli,Sugarcane,2018,39488.8,3041332.6,77017.6
Tamil Nadu,Tiruchirappalli,Chickpea,2018,54935.3,77623.6,1413.0
Tamil Nadu,Tiruchirappalli,Onion,2018,58931.1,1068733.2,18135.3
Punjab,Ludhiana,Maize,2019,51354.1,182004.1,3544.1
Punjab,Ludhiana,Banana,2019,53106.5,2581958.4,48618.5
Punjab,Ludhiana,Onion,2019,37710.0,793410.9,21039.8
Punjab,Ludhiana,Groundnut,2019,12051.8,31328.7,2599.5
Punjab,Ludhiana,Rice,2019,21101.9,83557.2,3959.7
Punjab,Amritsar,Wheat,2019,7166.4,24957.0,3482.5
Punjab,Amritsar,Groundnut,2019,24081.7,51872.0,2154.0
Punjab,Amritsar,Rice,2019,8928.6,38963.5,4363.9
Punjab,Amritsar,Onion,2019,7139.7,121966.1,17082.8
Punjab,Amritsar,Potato,2019,54089.2,1427960.3,26400.1
Punjab,Jalandhar,Banana,2019,46811.0,2306111.1,49264.3
Punjab,Jalandhar,Onion,2019,10244.9,177439.6,17319.8
Punjab,Jalandhar,Potato,2019,37158.3,846120.5,22770.7
Punjab,Jalandhar,Wheat,2019,69343.8,271349.2,3913.1
Punjab,Jalandhar,Cotton,2019,49097.3,108824.2,2216.5
Punjab,Patiala,Wheat,2019,73363.5,286968.7,3911.6
Punjab,Patiala,Banana,2019,31247.2,1361053.0,43557.6
Punjab,Patiala,Groundnut,2019,64920.4,165391.2,2547.6
Punjab,Patiala,Cotton,2019,49722.6,102876.1,2069.0
Punjab,Patiala,Potato,2019,26185.6,652312.1,24911.1
Punjab,Bathinda,Wheat,2019,14291.9,59925.9,4193.0
Punjab,Bathinda,Chickpea,2019,62480.7,78644.5,1258.7
Punjab,Bathinda,Rice,2019,14440.4,59663.4,4131.7
Punjab,Bathinda,Potato,2019,59969.1,1414689.1,23590.3
Punjab,Bathinda,Sugarcane,2019,61187.1,4601392.3,75202.0
Maharashtra,Nashik,Banana,2019,6524.9,303035.9,46443.0
Maharashtra,Nashik,Cotton,2019,52180.1,101532.0,1945.8
Maharashtra,Nashik,Chickpea,2019,47177.1,58976.1,1250.1
Maharashtra,Nashik,Potato,2019,37029.2,840577.7,22700.4
Maharashtra,Nashik,Maize,2019,53576.7,163666.1,3054.8
Maharashtra,Pune,Potato,2019,55305.3,1245464.3,22519.8
Maharashtra,Pune,Rice,2019,33042.1,132403.0,4007.1
Maharashtra,Pune,Groundnut,2019,33477.2,81423.2,2432.2
Maharashtra,Pune,Maize,2019,65452.6,231335.7,3534.4
Maharashtra,Pune,Wheat,2019,50760.8,176114.6,3469.5
Maharashtra,Nagpur,Potato,2019,68691.2,1609270.0,23427.6
Maharashtra,Nagpur,Maize,2019,68242.3,260269.3,3813.9
Maharashtra,Nagpur,Wheat,2019,33471.3,132994.9,3973.4
Maharashtra,Nagpur,Banana,2019,14448.7,656449.2,45433.1
Maharashtra,Nagpur,Cotton,2019,7241.2,16916.9,2336.2
Maharashtra,Aurangabad,Maize,2019,8649.8,26369.8,3048.6
Maharashtra,Aurangabad,Onion,2019,77685.5,1486209.1,19131.1
Maharashtra,Aurangabad,Potato,2019,27237.7,693008.8,25443.0
Maharashtra,Aurangabad,Cotton,2019,61988.3,111523.2,1799.1
Maharashtra,Aurangabad,Chickpea,2019,31657.6,43839.4,1384.8
Maharashtra,Solapur,Potato,2019,37698.3,923992.9,24510.2
Maharashtra,Solapur,Maize,2019,18962.3,61077.6,3221.0
Maharashtra,Solapur,Banana,2019,38652.0,2073598.6,53647.9
Maharashtra,Solapur,Onion,2019,73052.0,1394263.2,19085.9
Maharashtra,Solapur,Wheat,2019,50363.2,202686.7,4024.5
Uttar Pradesh,Varanasi,Rice,2019,21584.1,82110.2,3804.2
Uttar Pradesh,Varanasi,Chickpea,2019,15706.6,19429.1,1237.0
Uttar Pradesh,Varanasi,Cotton,2019,12352.1,25426.8,2058.5
Uttar Pradesh,Varanasi,Groundnut,2019,10854.1,25587.5,2357.4
Uttar Pradesh,Varanasi,Maize,2019,28308.1,91194.5,3221.5
Uttar Pradesh,Lucknow,Wheat,2019,55738.2,178434.7,3201.3
Uttar Pradesh,Lucknow,Chickpea,2019,48053.8,62359.4,1297.7
Uttar Pradesh,Lucknow,Groundnut,2019,57082.8,131815.6,2309.2
Uttar Pradesh,Lucknow,Rice,2019,31000.7,117824.4,3800.7
Uttar Pradesh,Lucknow,Maize,2019,32517.1,103397.9,3179.8
Uttar Pradesh,Agra,Wheat,2019,37655.7,140448.2,3729.8
Uttar Pradesh,Agra,Onion,2019,14528.1,264173.2,18183.6
Uttar Pradesh,Agra,Potato,2019,10002.8,254431.2,25436.0
Uttar Pradesh,Agra,Chickpea,2019,72144.5,86364.2,1197.1
Uttar Pradesh,Agra,Banana,2019,7054.5,351176.5,49780.5
Uttar Pradesh,Kanpur,Sugarcane,2019,41491.7,3015259.9,72671.4
Uttar Pradesh,Kanpur,Wheat,2019,55534.3,181102.9,3261.1
Uttar Pradesh,Kanpur,Banana,2019,28972.1,1166836.8,40274.5
Uttar Pradesh,Kanpur,Potato,2019,33841.7,858635.0,25372.1
Uttar Pradesh,Kanpur,Onion,2019,78193.1,1448761.8,18528.0
Uttar Pradesh,Prayagraj,Onion,2019,27902.0,551164.9,19753.6
Uttar Pradesh,Prayagraj,Cotton,2019,73805.1,159345.2,2159.0
Uttar Pradesh,Prayagraj,Maize,2019,32785.7,117690.8,3589.7
Uttar Pradesh,Prayagraj,Rice,2019,13657.2,56770.2,4156.8
Uttar Pradesh,Prayagraj,Potato,2019,38745.8,881900.9,22761.2
Gujarat,Ahmedabad,Onion,2019,43060.7,816189.7,18954.4
Gujarat,Ahmedabad,Cotton,2019,75065.0,153335.3,2042.7
Gujarat,Ahmedabad,Chickpea,2019,68656.5,107934.9,1572.1
Gujarat,Ahmedabad,Potato,2019,16315.7,392271.8,24042.6
Gujarat,Ahmedabad,Rice,2019,65407.9,263567.7,4029.6
Gujarat,Surat,Potato,2019,38583.3,916091.0,23743.2
Gujarat,Surat,Wheat,2019,58499.3,233020.3,3983.3
Gujarat,Surat,Sugarcane,2019,17130.0,1334005.6,77875.4
Gujarat,Surat,Onion,2019,17747.3,362059.1,20400.8
Gujarat,Surat,Banana,2019,8091.8,386229.7,47731.0
Gujarat,Rajkot,Sugarcane,2019,53943.8,4118183.0,76342.1
Gujarat,Rajkot,Potato,2019,50582.6,1239587.3,24506.2
Gujarat,Rajkot,Banana,2019,45719.9,2263724.8,49512.9
Gujarat,Rajkot,Wheat,2019,46049.7,170558.9,3703.8
Gujarat,Rajkot,Chickpea,2019,36699.9,53398.4,1455.0
Gujarat,Vadodara,Rice,2019,79339.2,306788.8,3866.8
Gujarat,Vadodara,Groundnut,2019,50308.9,117169.4,2329.0
Gujarat,Vadodara,Chickpea,2019,38064.0,52547.4,1380.5
Gujarat,Vadodara,Wheat,2019,54688.1,216619.6,3961.0
Gujarat,Vadodara,Cotton,2019,76719.4,144692.8,1886.0
Gujarat,Junagadh,Chickpea,2019,19425.2,26929.2,1386.3
Gujarat,Junagadh,Cotton,2019,37984.3,78103.3,2056.2
Gujarat,Junagadh,Onion,2019,74195.2,1260851.0,16993.7
Gujarat,Junagadh,Banana,2019,59407.5,2680335.7,45117.8
Gujarat,Junagadh,Sugarcane,2019,76470.7,6505553.6,85072.5
Karnataka,Bengaluru Rural,Cotton,2019,47986.2,103683.8,2160.7
Karnataka,Bengaluru Rural,Banana,2019,28335.4,1299124.3,45848.1
Karnataka,Bengaluru Rural,Potato,2019,65544.1,1731334.3,26414.8
Karnataka,Bengaluru Rural,Onion,2019,57774.2,1108629.1,19189.0
Karnataka,Bengaluru Rural,Groundnut,2019,15013.3,37428.2,2493.0
Karnataka,Belagavi,Chickpea,2019,31952.0,45359.1,1419.6
Karnataka,Belagavi,Sugarcane,2019,60548.1,3873607.1,63975.7
Karnataka,Belagavi,Wheat,2019,47327.9,175984.1,3718.4
Karnataka,Belagavi,Maize,2019,46807.6,167533.8,3579.2
Karnataka,Belagavi,Rice,2019,73243.1,319039.6,4355.9
Karnataka,Mysuru,Maize,2019,30413.2,92875.8,3053.8
Karnataka,Mysuru,Groundnut,2019,77612.4,198020.3,2551.4
Karnataka,Mysuru,Potato,2019,20226.2,586339.3,28989.1
Karnataka,Mysuru,Wheat,2019,53167.7,181270.0,3409.4
Karnataka,Mysuru,Onion,2019,26130.8,526590.5,20152.1
Karnataka,Hubballi,Banana,2019,63212.8,3247601.8,51375.7
Karnataka,Hubballi,Chickpea,2019,61169.9,82267.4,1344.9
Karnataka,Hubballi,Wheat,2019,78912.1,324754.9,4115.4
Karnataka,Hubballi,Rice,2019,62554.5,243537.2,3893.2
Karnataka,Hubballi,Onion,2019,36145.1,729802.1,20190.9
Karnataka,Dharwad,Rice,2019,48690.8,178748.8,3671.1
Karnataka,Dharwad,Cotton,2019,23279.4,46032.7,1977.4
Karnataka,Dharwad,Groundnut,2019,40239.2,91326.9,2269.6
Karnataka,Dharwad,Onion,2019,28933.5,484297.6,16738.3
Karnataka,Dharwad,Chickpea,2019,25602.8,38094.4,1487.9
Rajasthan,Jaipur,Maize,2019,53344.9,172453.4,3232.8
Rajasthan,Jaipur,Chickpea,2019,26692.1,37267.5,1396.2
Rajasthan,Jaipur,Cotton,2019,74759.9,156614.5,2094.9
Rajasthan,Jaipur,Rice,2019,30970.4,129069.1,4167.5
Rajasthan,Jaipur,Onion,2019,7738.6,144317.9,18649.1
Rajasthan,Jodhpur,Chickpea,2019,40046.6,56678.0,1415.3
Rajasthan,Jodhpur,Sugarcane,2019,79092.4,5783006.9,73117.1
Rajasthan,Jodhpur,Cotton,2019,75718.2,158425.2,2092.3
Rajasthan,Jodhpur,Banana,2019,72094.3,3491281.8,48426.6
Rajasthan,Jodhpur,Onion,2019,76257.9,1438475.6,18863.3
Rajasthan,Udaipur,Wheat,2019,50457.4,183311.7,3633.0
Rajasthan,Udaipur,Maize,2019,53387.6,154834.7,2900.2
Rajasthan,Udaipur,Rice,2019,26445.9,101528.5,3839.1
Rajasthan,Udaipur,Groundnut,2019,54169.2,121561.1,2244.1
Rajasthan,Udaipur,Chickpea,2019,79494.6,109185.8,1373.5
Rajasthan,Kota,Potato,2019,36036.4,934712.1,25938.0
Rajasthan,Kota,Rice,2019,13449.2,54630.7,4062.0
Rajasthan,Kota,Maize,2019,10037.3,31977.8,3185.9
Rajasthan,Kota,Banana,2019,49506.2,2409347.9,48667.6
Rajasthan,Kota,Wheat,2019,34693.6,130524.3,3762.2
Rajasthan,Bikaner,Maize,2019,32385.9,107854.8,3330.3
Rajasthan,Bikaner,Rice,2019,72759.1,267142.3,3671.6
Rajasthan,Bikaner,Cotton,2019,69994.2,143712.1,2053.2
Rajasthan,Bikaner,Onion,2019,70213.9,1290201.5,18375.3
Rajasthan,Bikaner,Chickpea,2019,65353.3,82332.1,1259.8
Madhya Pradesh,Indore,Potato,2019,33978.4,878780.0,25862.9
Madhya Pradesh,Indore,Chickpea,2019,6172.2,9033.0,1463.5
Madhya Pradesh,Indore,Sugarcane,2019,73466.2,5703181.1,77630.0
Madhya Pradesh,Indore,Wheat,2019,41040.8,169662.7,4134.0
Madhya Pradesh,Indore,Onion,2019,64965.4,1303069.5,20057.9
Madhya Pradesh,Bhopal,Cotton,2019,18280.2,41013.5,2243.6
Madhya Pradesh,Bhopal,Onion,2019,79706.5,1648458.0,20681.6
Madhya Pradesh,Bhopal,Groundnut,2019,17054.5,46134.1,2705.1
Madhya Pradesh,Bhopal,Potato,2019,24920.4,605221.8,24286.2
Madhya Pradesh,Bhopal,Maize,2019,42504.3,135159.4,3179.9
Madhya Pradesh,Ujjain,Onion,2019,74041.7,1483558.7,20036.8
Madhya Pradesh,Ujjain,Potato,2019,31419.6,721258.9,22955.7
Madhya Pradesh,Ujjain,Sugarcane,2019,22567.4,1741449.5,77166.6
Madhya Pradesh,Ujjain,Wheat,2019,75523.3,257670.4,3411.8
Madhya Pradesh,Ujjain,Maize,2019,59458.4,184844.3,3108.8
Madhya Pradesh,Jabalpur,Cotton,2019,64464.3,121637.7,1886.9
Madhya Pradesh,Jabalpur,Sugarcane,2019,39157.8,3012135.4,76923.0
Madhya Pradesh,Jabalpur,Wheat,2019,13996.3,54634.6,3903.5
Madhya Pradesh,Jabalpur,Onion,2019,76255.1,1342188.9,17601.3
Madhya Pradesh,Jabalpur,Groundnut,2019,66757.7,141319.4,2116.9
Madhya Pradesh,Gwalior,Sugarcane,2019,37140.6,3278122.2,88262.5
Madhya Pradesh,Gwalior,Rice,2019,17936.9,72165.5,4023.3
Madhya Pradesh,Gwalior,Potato,2019,55439.1,1279434.6,23078.2
Madhya Pradesh,Gwalior,Wheat,2019,9670.6,36560.7,3780.6
Madhya Pradesh,Gwalior,Groundnut,2019,37389.6,88336.7,2362.6
Bihar,Patna,Sugarcane,2019,70289.6,5763114.6,81991.0
Bihar,Patna,Onion,2019,76618.6,1665427.9,21736.6
Bihar,Patna,Wheat,2019,20463.3,86398.1,4222.1
Bihar,Patna,Rice,2019,37210.0,152776.8,4105.8
Bihar,Patna,Banana,2019,72757.7,3354653.8,46107.2
Bihar,Gaya,Rice,2019,52768.9,223476.3,4235.0
Bihar,Gaya,Cotton,2019,50521.2,104134.3,2061.2
Bihar,Gaya,Potato,2019,68615.5,1687756.0,24597.3
Bihar,Gaya,Maize,2019,57050.8,182916.3,3206.2
Bihar,Gaya,Onion,2019,57780.6,1119718.7,19378.8
Bihar,Muzaffarpur,Potato,2019,78261.0,2062866.0,26358.8
Bihar,Muzaffarpur,Rice,2019,32033.1,123468.4,3854.4
Bihar,Muzaffarpur,Onion,2019,49774.6,886570.2,17811.7
Bihar,Muzaffarpur,Sugarcane,2019,27020.9,2034598.1,75297.2
Bihar,Muzaffarpur,Cotton,2019,36480.3,77338.2,2120.0
Bihar,Bhagalpur,Rice,2019,41292.7,148686.8,3600.8
Bihar,Bhagalpur,Chickpea,2019,39649.4,54387.1,1371.7
Bihar,Bhagalpur,Cotton,2019,59539.4,119858.8,2013.1
Bihar,Bhagalpur,Wheat,2019,28475.0,95117.9,3340.4
Bihar,Bhagalpur,Potato,2019,9095.5,219019.6,24080.0
Bihar,Darbhanga,Maize,2019,50903.7,165386.1,3249.0
Bihar,Darbhanga,Cotton,2019,48142.9,105803.7,2197.7
Bihar,Darbhanga,Potato,2019,42987.9,1127362.0,26225.1
Bihar,Darbhanga,Banana,2019,20612.0,1025131.6,49734.7
Bihar,Darbhanga,Sugarcane,2019,70475.5,5362029.8,76083.6
West Bengal,Hooghly,Maize,2019,64546.8,201360.2,3119.6
West Bengal,Hooghly,Groundnut,2019,53387.2,122801.2,2300.2
West Bengal,Hooghly,Sugarcane,2019,31525.4,2410851.4,76473.3
West Bengal,Hooghly,Potato,2019,25520.2,676208.7,26497.0
West Bengal,Hooghly,Cotton,2019,61483.8,131919.6,2145.6
West Bengal,Burdwan,Onion,2019,28223.3,541870.4,19199.4
West Bengal,Burdwan,Chickpea,2019,38891.3,56310.7,1447.9
West Bengal,Burdwan,Banana,2019,77356.2,3881502.0,50177.0
West Bengal,Burdwan,Rice,2019,23157.0,94093.8,4063.3
West Bengal,Burdwan,Maize,2019,56354.8,193635.1,3436.0
West Bengal,Nadia,Groundnut,2019,41891.9,94436.9,2254.3
West Bengal,Nadia,Cotton,2019,56981.9,112482.3,1974.0
West Bengal,Nadia,Sugarcane,2019,11344.7,854102.8,75286.5
West Bengal,Nadia,Chickpea,2019,18970.1,23266.8,1226.5
West Bengal,Nadia,Banana,2019,24409.8,1037250.5,42493.2
West Bengal,Murshidabad,Rice,2019,75077.2,297613.5,3964.1
West Bengal,Murshidabad,Maize,2019,67263.7,248021.4,3687.3
West Bengal,Murshidabad,Onion,2019,68829.6,1295235.4,18818.0
West Bengal,Murshidabad,Sugarcane,2019,37527.4,2961947.6,78927.6
West Bengal,Murshidabad,Chickpea,2019,75492.6,86658.0,1147.9
West Bengal,Birbhum,Maize,2019,33984.5,113688.3,3345.3
West Bengal,Birbhum,Onion,2019,13863.4,274707.4,19815.3
West Bengal,Birbhum,Cotton,2019,73857.9,167650.0,2269.9
West Bengal,Birbhum,Groundnut,2019,70346.3,191398.2,2720.8
West Bengal,Birbhum,Wheat,2019,73460.4,299358.5,4075.1
Tamil Nadu,Coimbatore,Cotton,2019,50948.2,115774.7,2272.4
Tamil Nadu,Coimbatore,Banana,2019,34049.4,1626315.1,47763.4
Tamil Nadu,Coimbatore,Wheat,2019,77136.5,275307.9,3569.1
Tamil Nadu,Coimbatore,Onion,2019,23168.8,408695.3,17639.9
Tamil Nadu,Coimbatore,Groundnut,2019,38403.1,96030.8,2500.6
Tamil Nadu,Madurai,Rice,2019,74089.0,297882.2,4020.6
Tamil Nadu,Madurai,Onion,2019,22056.6,417044.0,18907.9
Tamil Nadu,Madurai,Groundnut,2019,58039.5,136770.1,2356.5
Tamil Nadu,Madurai,Maize,2019,25697.9,85150.0,3313.5
Tamil Nadu,Madurai,Sugarcane,2019,22410.9,1841425.2,82166.5
Tamil Nadu,Salem,Banana,2019,63349.4,3374704.9,53271.3
Tamil Nadu,Salem,Cotton,2019,31584.1,68884.9,2181.0
Tamil Nadu,Salem,Rice,2019,31675.4,115681.7,3652.1
Tamil Nadu,Salem,Potato,2019,71444.3,1763323.9,24681.1
Tamil Nadu,Salem,Groundnut,2019,60720.6,153538.1,2528.6
Tamil Nadu,Thanjavur,Sugarcane,2019,23628.8,1597285.6,67599.1
Tamil Nadu,Thanjavur,Banana,2019,53956.4,2519386.2,46693.0
Tamil Nadu,Thanjavur,Potato,2019,29453.7,709221.5,24079.2
Tamil Nadu,Thanjavur,Chickpea,2019,30779.9,44569.3,1448.0
Tamil Nadu,Thanjavur,Cotton,2019,38858.4,84641.4,2178.2
Tamil Nadu,Tiruchirappalli,Sugarcane,2019,75314.1,6546828.8,86927.0
Tamil Nadu,Tiruchirappalli,Banana,2019,35439.8,1575214.1,44447.6
Tamil Nadu,Tiruchirappalli,Potato,2019,78045.9,2001690.0,25647.6
Tamil Nadu,Tiruchirappalli,Cotton,2019,28247.1,53923.7,1909.0
Tamil Nadu,Tiruchirappalli,Onion,2019,77314.2,1651802.4,21364.8
Punjab,Ludhiana,Groundnut,2020,20930.9,54418.2,2599.9
Punjab,Ludhiana,Maize,2020,6668.7,23132.4,3468.8
Punjab,Ludhiana,Banana,2020,48634.6,2349430.5,48307.8
Punjab,Ludhiana,Wheat,2020,53604.8,213309.6,3979.3
Punjab,Ludhiana,Sugarcane,2020,30505.7,1918350.9,62885.0
Punjab,Amritsar,Sugarcane,2020,71750.9,5730744.4,79870.0
Punjab,Amritsar,Groundnut,2020,62838.4,140632.3,2238.0
Punjab,Amritsar,Wheat,2020,38544.1,145276.6,3769.1
Punjab,Amritsar,Chickpea,2020,58859.0,86605.1,1471.4
Punjab,Amritsar,Onion,2020,7752.0,146097.3,18846.4
Punjab,Jalandhar,Banana,2020,63319.9,2906237.8,45897.7
Punjab,Jalandhar,Potato,2020,46641.6,1249066.7,26780.1
Punjab,Jalandhar,Groundnut,2020,40250.3,102606.1,2549.2
Punjab,Jalandhar,Cotton,2020,24226.6,57768.3,2384.5
Punjab,Jalandhar,Sugarcane,2020,14657.9,1032118.4,70413.8
Punjab,Patiala,Sugarcane,2020,58404.5,4809505.4,82348.2
Punjab,Patiala,Chickpea,2020,57745.9,76894.4,1331.6
Punjab,Patiala,Banana,2020,76095.9,3443027.5,45245.9
Punjab,Patiala,Onion,2020,42183.9,762153.4,18067.4
Punjab,Patiala,Groundnut,2020,6434.6,15587.2,2422.4
Punjab,Bathinda,Sugarcane,2020,67310.8,5151033.0,76526.1
Punjab,Bathinda,Banana,2020,43729.1,2009142.2,45945.2
Punjab,Bathinda,Wheat,2020,73417.7,287518.4,3916.2
Punjab,Bathinda,Rice,2020,36605.6,142234.7,3885.6
Punjab,Bathinda,Maize,2020,14896.5,48074.0,3227.2
Maharashtra,Nashik,Maize,2020,50122.4,177152.6,3534.4
Maharashtra,Nashik,Rice,2020,70260.1,282972.6,4027.5
Maharashtra,Nashik,Cotton,2020,20564.6,43346.1,2107.8
Maharashtra,Nashik,Chickpea,2020,33707.9,45805.7,1358.9
Maharashtra,Nashik,Sugarcane,2020,77335.1,6081021.3,78632.1
Maharashtra,Pune,Maize,2020,21376.5,69657.5,3258.6
Maharashtra,Pune,Banana,2020,19010.9,842374.9,44310.1
Maharashtra,Pune,Cotton,2020,44830.8,101003.8,2253.0
Maharashtra,Pune,Onion,2020,67683.6,1318172.0,19475.5
Maharashtra,Pune,Groundnut,2020,14897.5,36402.0,2443.5
Maharashtra,Nagpur,Potato,2020,28177.3,579638.1,20571.1
Maharashtra,Nagpur,Banana,2020,67162.6,2857123.9,42540.4
Maharashtra,Nagpur,Wheat,2020,47865.1,184974.7,3864.5
Maharashtra,Nagpur,Rice,2020,64354.8,268925.8,4178.8
Maharashtra,Nagpur,Onion,2020,32315.3,708160.7,21914.1
Maharashtra,Aurangabad,Wheat,2020,12376.4,46739.5,3776.5
Maharashtra,Aurangabad,Potato,2020,56164.9,1502163.9,26745.6
Maharashtra,Aurangabad,Sugarcane,2020,21204.3,1555863.4,73374.9
Maharashtra,Aurangabad,Onion,2020,20317.3,384500.8,18924.8
Maharashtra,Aurangabad,Banana,2020,12294.4,492077.2,40024.5
Maharashtra,Solapur,Potato,2020,75678.7,1867001.1,24670.1
Maharashtra,Solapur,Banana,2020,48889.0,2432007.7,49745.5
Maharashtra,Solapur,Rice,2020,55988.4,208629.6,3726.3
Maharashtra,Solapur,Cotton,2020,35751.6,78102.9,2184.6
Maharashtra,Solapur,Maize,2020,38999.3,129232.0,3313.7
Uttar Pradesh,Varanasi,Rice,2020,9059.5,36833.2,4065.7
Uttar Pradesh,Varanasi,Maize,2020,44982.1,161170.9,3583.0
Uttar Pradesh,Varanasi,Chickpea,2020,57589.3,71094.0,1234.5
Uttar Pradesh,Varanasi,Sugarcane,2020,60848.3,5099191.0,83801.7
Uttar Pradesh,Varanasi,Cotton,2020,63740.0,148405.8,2328.3
Uttar Pradesh,Lucknow,Sugarcane,2020,9090.6,700672.5,77076.6
Uttar Pradesh,Lucknow,Chickpea,2020,63985.4,93585.0,1462.6
Uttar Pradesh,Lucknow,Maize,2020,77150.5,250461.4,3246.4
Uttar Pradesh,Lucknow,Banana,2020,47166.8,1995886.7,42315.5
Uttar Pradesh,Lucknow,Onion,2020,65635.7,1291434.9,19675.8
Uttar Pradesh,Agra,Chickpea,2020,39443.3,49193.7,1247.2
Uttar Pradesh,Agra,Maize,2020,35182.5,114325.5,3249.5
Uttar Pradesh,Agra,Rice,2020,14911.4,62012.0,4158.7
Uttar Pradesh,Agra,Wheat,2020,54553.7,211270.1,3872.7
Uttar Pradesh,Agra,Cotton,2020,20300.2,42181.8,2077.9
Uttar Pradesh,Kanpur,Banana,2020,7815.8,389777.1,49870.4
Uttar Pradesh,Kanpur,Rice,2020,49577.7,185822.2,3748.1
Uttar Pradesh,Kanpur,Groundnut,2020,25026.6,49695.3,1985.7
Uttar Pradesh,Kanpur,Maize,2020,70090.1,256459.7,3659.0
Uttar Pradesh,Kanpur,Onion,2020,45273.3,847692.7,18723.9
Uttar Pradesh,Prayagraj,Sugarcane,2020,13993.9,1222153.1,87334.7
Uttar Pradesh,Prayagraj,Maize,2020,50619.2,167048.4,3300.1
Uttar Pradesh,Prayagraj,Potato,2020,18983.4,469032.4,24707.5
Uttar Pradesh,Prayagraj,Chickpea,2020,11092.1,13818.5,1245.8
Uttar Pradesh,Prayagraj,Banana,2020,34273.1,1514699.7,44195.0
Gujarat,Ahmedabad,Onion,2020,22465.4,476441.7,21207.8
Gujarat,Ahmedabad,Groundnut,2020,64484.4,157180.7,2437.5
Gujarat,Ahmedabad,Sugarcane,2020,38369.7,2823280.9,73581.0
Gujarat,Ahmedabad,Wheat,2020,46636.5,176449.2,3783.5
Gujarat,Ahmedabad,Banana,2020,10882.9,540590.6,49673.4
Gujarat,Surat,Maize,2020,7549.8,25968.3,3439.6
Gujarat,Surat,Cotton,2020,76410.0,131669.7,1723.2
Gujarat,Surat,Potato,2020,29910.8,799725.1,26737.0
Gujarat,Surat,Banana,2020,77002.9,3533570.7,45888.8
Gujarat,Surat,Sugarcane,2020,64950.5,5427621.0,83565.5
Gujarat,Rajkot,Banana,2020,47255.1,2248785.1,47588.2
Gujarat,Rajkot,Sugarcane,2020,20842.7,1568056.8,75232.9
Gujarat,Rajkot,Maize,2020,27414.4,93798.4,3421.5
Gujarat,Rajkot,Wheat,2020,50102.6,186842.6,3729.2
Gujarat,Rajkot,Rice,2020,33566.3,130690.4,3893.5
Gujarat,Vadodara,Potato,2020,79207.6,2011413.6,25394.2
Gujarat,Vadodara,Banana,2020,24604.5,1210598.0,49202.3
Gujarat,Vadodara,Wheat,2020,21069.3,78457.9,3723.8
Gujarat,Vadodara,Onion,2020,58386.9,1125127.2,19270.2
Gujarat,Vadodara,Chickpea,2020,36499.2,47368.7,1297.8
Gujarat,Junagadh,Onion,2020,16792.3,331147.5,19720.2
Gujarat,Junagadh,Wheat,2020,9735.6,42559.2,4371.5
Gujarat,Junagadh,Sugarcane,2020,14694.9,1104755.2,75179.5
Gujarat,Junagadh,Maize,2020,28195.8,88461.5,3137.4
Gujarat,Junagadh,Banana,2020,54469.6,2795238.3,51317.4
Karnataka,Bengaluru Rural,Rice,2020,54820.6,226277.5,4127.6
Karnataka,Bengaluru Rural,Sugarcane,2020,25239.9,1946968.0,77138.5
Karnataka,Bengaluru Rural,Maize,2020,59490.6,205748.2,3458.5
Karnataka,Bengaluru Rural,Chickpea,2020,68650.6,100717.3,1467.1
Karnataka,Bengaluru Rural,Banana,2020,43121.6,2022881.7,46911.1
Karnataka,Belagavi,Banana,2020,19976.7,1135619.5,56847.2
Karnataka,Belagavi,Cotton,2020,43973.4,90879.8,2066.7
Karnataka,Belagavi,Potato,2020,36279.3,913755.8,25186.7
Karnataka,Belagavi,Wheat,2020,71010.5,295219.1,4157.4
Karnataka,Belagavi,Chickpea,2020,21755.5,27718.7,1274.1
Karnataka,Mysuru,Sugarcane,2020,25726.9,1755076.3,68219.5
Karnataka,Mysuru,Onion,2020,12302.4,224935.9,18283.9
Karnataka,Mysuru,Potato,2020,55733.2,1426619.4,25597.3
Karnataka,Mysuru,Cotton,2020,61696.5,135682.9,2199.2
Karnataka,Mysuru,Rice,2020,25969.9,113945.5,4387.6
Karnataka,Hubballi,Chickpea,2020,77289.6,103096.6,1333.9
Karnataka,Hubballi,Wheat,2020,75676.2,278208.4,3676.3
Karnataka,Hubballi,Cotton,2020,44179.7,93042.4,2106.0
Karnataka,Hubballi,Banana,2020,40910.1,1900176.0,46447.6
Karnataka,Hubballi,Sugarcane,2020,14621.0,1126055.3,77016.3
Karnataka,Dharwad,Sugarcane,2020,8070.0,642593.9,79627.5
Karnataka,Dharwad,Maize,2020,6274.3,23579.4,3758.1
Karnataka,Dharwad,Rice,2020,20496.5,83935.2,4095.1
Karnataka,Dharwad,Groundnut,2020,39163.8,92767.3,2368.7
Karnataka,Dharwad,Chickpea,2020,42455.7,57404.4,1352.1
Rajasthan,Jaipur,Cotton,2020,63344.6,159115.3,2511.9
Rajasthan,Jaipur,Groundnut,2020,34417.5,77360.2,2247.7
Rajasthan,Jaipur,Potato,2020,41544.6,1083628.6,26083.5
Rajasthan,Jaipur,Sugarcane,2020,52955.4,4330284.9,81772.3
Rajasthan,Jaipur,Rice,2020,53711.1,203097.8,3781.3
Rajasthan,Jodhpur,Sugarcane,2020,18017.6,1382333.7,76721.3
Rajasthan,Jodhpur,Cotton,2020,9989.0,21839.0,2186.3
Rajasthan,Jodhpur,Banana,2020,42702.1,1799227.4,42134.4
Rajasthan,Jodhpur,Onion,2020,12422.2,239437.9,19275.0
Rajasthan,Jodhpur,Wheat,2020,56776.3,184869.3,3256.1
Rajasthan,Udaipur,Potato,2020,7571.3,182794.7,24143.1
Rajasthan,Udaipur,Chickpea,2020,75911.7,107248.0,1412.8
Rajasthan,Udaipur,Maize,2020,41756.9,139359.5,3337.4
Rajasthan,Udaipur,Sugarcane,2020,25585.8,1871394.0,73141.9
Rajasthan,Udaipur,Cotton,2020,45028.1,89074.6,1978.2
Rajasthan,Kota,Cotton,2020,33467.5,65532.7,1958.1
Rajasthan,Kota,Groundnut,2020,32584.5,76123.9,2336.2
Rajasthan,Kota,Chickpea,2020,48797.7,71508.1,1465.4
Rajasthan,Kota,Wheat,2020,22807.2,90036.0,3947.7
Rajasthan,Kota,Potato,2020,73748.0,1761589.0,23886.6
Rajasthan,Bikaner,Groundnut,2020,18367.5,42388.5,2307.8
Rajasthan,Bikaner,Cotton,2020,28889.4,60433.7,2091.9
Rajasthan,Bikaner,Wheat,2020,66011.1,239105.4,3622.2
Rajasthan,Bikaner,Sugarcane,2020,30031.0,2423447.6,80698.2
Rajasthan,Bikaner,Banana,2020,71499.8,2909241.1,40688.8
Madhya Pradesh,Indore,Groundnut,2020,46221.9,113830.7,2462.7
Madhya Pradesh,Indore,Chickpea,2020,68448.8,93904.9,1371.9
Madhya Pradesh,Indore,Wheat,2020,52421.8,190694.8,3637.7
Madhya Pradesh,Indore,Banana,2020,66939.5,3196642.3,47754.2
Madhya Pradesh,Indore,Sugarcane,2020,7606.3,608044.6,79939.6
Madhya Pradesh,Bhopal,Cotton,2020,54128.7,133151.2,2459.9
Madhya Pradesh,Bhopal,Chickpea,2020,68212.5,98164.6,1439.1
Madhya Pradesh,Bhopal,Maize,2020,55805.6,199979.4,3583.5
Madhya Pradesh,Bhopal,Groundnut,2020,25527.1,68369.2,2678.3
Madhya Pradesh,Bhopal,Banana,2020,65532.0,3102651.9,47345.6
Madhya Pradesh,Ujjain,Cotton,2020,26064.9,52956.1,2031.7
Madhya Pradesh,Ujjain,Wheat,2020,32792.1,125275.7,3820.3
Madhya Pradesh,Ujjain,Onion,2020,60956.9,1207897.5,19815.6
Madhya Pradesh,Ujjain,Maize,2020,72981.8,238606.7,3269.4
Madhya Pradesh,Ujjain,Rice,2020,21274.2,93029.9,4372.9
Madhya Pradesh,Jabalpur,Wheat,2020,48805.0,186152.0,3814.2
Madhya Pradesh,Jabalpur,Sugarcane,2020,56283.2,4276324.4,75978.7
Madhya Pradesh,Jabalpur,Chickpea,2020,10673.5,12466.6,1168.0
Madhya Pradesh,Jabalpur,Groundnut,2020,60886.8,142383.8,2338.5
Madhya Pradesh,Jabalpur,Maize,2020,66701.7,237164.6,3555.6
Madhya Pradesh,Gwalior,Chickpea,2020,50501.5,59803.9,1184.2
Madhya Pradesh,Gwalior,Rice,2020,68092.0,288029.2,4230.0
Madhya Pradesh,Gwalior,Sugarcane,2020,33400.6,2792878.0,83617.6
Madhya Pradesh,Gwalior,Banana,2020,13142.7,676523.1,51475.2
Madhya Pradesh,Gwalior,Groundnut,2020,55132.5,122890.3,2229.0
Bihar,Patna,Chickpea,2020,47500.5,61427.6,1293.2
Bihar,Patna,Sugarcane,2020,34702.3,2810011.8,80974.8
Bihar,Patna,Onion,2020,9051.8,167012.0,18450.7
Bihar,Patna,Potato,2020,46933.2,1183622.5,25219.3
Bihar,Patna,Rice,2020,13470.9,50971.2,3783.8
Bihar,Gaya,Chickpea,2020,26721.0,37657.9,1409.3
Bihar,Gaya,Rice,2020,32541.0,150853.6,4635.8
Bihar,Gaya,Potato,2020,64775.7,1661276.5,25646.6
Bihar,Gaya,Onion,2020,21304.2,419439.2,19688.1
Bihar,Gaya,Maize,2020,43745.1,141506.6,3234.8
Bihar,Muzaffarpur,Wheat,2020,23717.8,91816.3,3871.2
Bihar,Muzaffarpur,Rice,2020,73061.1,308200.9,4218.4
Bihar,Muzaffarpur,Chickpea,2020,39283.5,53244.9,1355.4
Bihar,Muzaffarpur,Cotton,2020,61503.0,127305.1,2069.9
Bihar,Muzaffarpur,Banana,2020,17963.3,806810.8,44914.4
Bihar,Bhagalpur,Banana,2020,68442.4,3285105.2,47998.1
Bihar,Bhagalpur,Maize,2020,27612.2,93928.4,3401.7
Bihar,Bhagalpur,Groundnut,2020,48155.6,114995.6,2388.0
Bihar,Bhagalpur,Cotton,2020,72933.2,160650.0,2202.7
Bihar,Bhagalpur,Wheat,2020,18116.4,73260.9,4043.9
Bihar,Darbhanga,Potato,2020,56619.7,1529349.1,27010.9
Bihar,Darbhanga,Onion,2020,73627.5,1433527.4,19470.0
Bihar,Darbhanga,Groundnut,2020,52549.2,118713.9,2259.1
Bihar,Darbhanga,Sugarcane,2020,20581.7,1744428.7,84756.3
Bihar,Darbhanga,Maize,2020,55908.1,171671.4,3070.6
West Bengal,Hooghly,Sugarcane,2020,35995.9,2927571.7,81330.7
West Bengal,Hooghly,Banana,2020,58943.2,2863219.0,48575.9
West Bengal,Hooghly,Rice,2020,38432.3,144832.1,3768.5
West Bengal,Hooghly,Maize,2020,12472.2,38667.6,3100.3
West Bengal,Hooghly,Wheat,2020,73412.2,307509.0,4188.8
West Bengal,Burdwan,Maize,2020,46230.4,164386.1,3555.8
West Bengal,Burdwan,Chickpea,2020,26044.5,33896.9,1301.5
West Bengal,Burdwan,Groundnut,2020,54307.3,139336.2,2565.7
West Bengal,Burdwan,Onion,2020,66269.4,1465653.8,22116.6
West Bengal,Burdwan,Cotton,2020,19820.9,39814.2,2008.7
West Bengal,Nadia,Chickpea,2020,31353.4,44979.6,1434.6
West Bengal,Nadia,Sugarcane,2020,9524.7,734387.7,77103.5
West Bengal,Nadia,Groundnut,2020,61338.3,159706.5,2603.7
West Bengal,Nadia,Maize,2020,56701.5,201664.6,3556.6
West Bengal,Nadia,Rice,2020,57011.5,223251.3,3915.9
West Bengal,Murshidabad,Chickpea,2020,74683.6,89269.3,1195.3
West Bengal,Murshidabad,Groundnut,2020,72152.4,153843.3,2132.2
West Bengal,Murshidabad,Sugarcane,2020,39750.8,2817004.0,70866.6
West Bengal,Murshidabad,Rice,2020,43830.0,164371.3,3750.2
West Bengal,Murshidabad,Wheat,2020,73161.8,271364.4,3709.1
West Bengal,Birbhum,Sugarcane,2020,10366.6,653349.8,63024.5
West Bengal,Birbhum,Onion,2020,72996.9,1525314.0,20895.6
West Bengal,Birbhum,Rice,2020,15391.7,62411.8,4054.9
West Bengal,Birbhum,Cotton,2020,50103.2,102370.9,2043.2
West Bengal,Birbhum,Groundnut,2020,32115.0,69612.5,2167.6
Tamil Nadu,Coimbatore,Chickpea,2020,36742.3,48393.3,1317.1
Tamil Nadu,Coimbatore,Rice,2020,69959.5,287799.4,4113.8
Tamil Nadu,Coimbatore,Wheat,2020,72918.9,281437.8,3859.6
Tamil Nadu,Coimbatore,Groundnut,2020,46641.3,116878.4,2505.9
Tamil Nadu,Coimbatore,Onion,2020,37480.5,720922.4,19234.6
Tamil Nadu,Madurai,Rice,2020,29685.1,120999.4,4076.1
Tamil Nadu,Madurai,Sugarcane,2020,44072.7,3295443.6,74772.9
Tamil Nadu,Madurai,Groundnut,2020,7922.0,16376.4,2067.2
Tamil Nadu,Madurai,Cotton,2020,48045.6,105834.8,2202.8
Tamil Nadu,Madurai,Maize,2020,26778.2,92609.7,3458.4
Tamil Nadu,Salem,Onion,2020,22763.1,427320.3,18772.5
Tamil Nadu,Salem,Potato,2020,16857.2,394359.0,23394.1
Tamil Nadu,Salem,Maize,2020,23541.9,63678.5,2704.9
Tamil Nadu,Salem,Banana,2020,59708.1,2761356.3,46247.6
Tamil Nadu,Salem,Sugarcane,2020,10973.3,908542.1,82795.7
Tamil Nadu,Thanjavur,Rice,2020,65933.8,233141.9,3536.0
Tamil Nadu,Thanjavur,Maize,2020,15594.2,46459.8,2979.3
Tamil Nadu,Thanjavur,Onion,2020,72748.1,1337990.3,18392.1
Tamil Nadu,Thanjavur,Groundnut,2020,72766.7,188916.9,2596.2
Tamil Nadu,Thanjavur,Chickpea,2020,25524.5,32372.7,1268.3
Tamil Nadu,Tiruchirappalli,Maize,2020,51259.1,181805.8,3546.8
Tamil Nadu,Tiruchirappalli,Cotton,2020,78533.0,148474.5,1890.6
Tamil Nadu,Tiruchirappalli,Banana,2020,43639.6,1847534.8,42336.2
Tamil Nadu,Tiruchirappalli,Onion,2020,38158.6,725543.8,19013.9
Tamil Nadu,Tiruchirappalli,Rice,2020,40358.6,155723.7,3858.5
Punjab,Ludhiana,Maize,2021,23833.8,85565.7,3590.1
Punjab,Ludhiana,Cotton,2021,32663.8,63782.6,1952.7
Punjab,Ludhiana,Potato,2021,40879.1,1010727.6,24724.8
Punjab,Ludhiana,Onion,2021,8803.4,182741.0,20758.0
Punjab,Ludhiana,Groundnut,2021,34091.8,77221.3,2265.1
Punjab,Amritsar,Potato,2021,35951.9,1005772.4,27975.5
Punjab,Amritsar,Groundnut,2021,25057.0,59793.5,2386.3
Punjab,Amritsar,Banana,2021,43799.0,2200216.5,50234.4
Punjab,Amritsar,Wheat,2021,62360.2,214774.8,3444.1
Punjab,Amritsar,Sugarcane,2021,55474.5,3963836.1,71453.3
Punjab,Jalandhar,Groundnut,2021,44726.4,115984.5,2593.2
Punjab,Jalandhar,Onion,2021,48026.0,998378.9,20788.3
Punjab,Jalandhar,Banana,2021,21772.1,1016548.1,46690.4
Punjab,Jalandhar,Sugarcane,2021,14858.0,1262621.0,84979.2
Punjab,Jalandhar,Cotton,2021,43836.7,97514.7,2224.5
Punjab,Patiala,Groundnut,2021,65862.2,169812.5,2578.3
Punjab,Patiala,Banana,2021,51237.3,2215024.3,43230.7
Punjab,Patiala,Chickpea,2021,58753.1,81637.4,1389.5
Punjab,Patiala,Cotton,2021,72520.3,147216.2,2030.0
Punjab,Patiala,Onion,2021,34352.3,678512.9,19751.6
Punjab,Bathinda,Potato,2021,8144.5,218027.5,26769.9
Punjab,Bathinda,Rice,2021,8124.4,35532.1,4373.5
Punjab,Bathinda,Sugarcane,2021,24735.9,2164420.9,87501.2
Punjab,Bathinda,Maize,2021,58605.0,206711.6,3527.2
Punjab,Bathinda,Wheat,2021,75601.3,324715.1,4295.1
Maharashtra,Nashik,Potato,2021,25280.0,606851.5,24005.2
Maharashtra,Nashik,Sugarcane,2021,45047.7,3446986.9,76518.6
Maharashtra,Nashik,Wheat,2021,45690.7,175438.6,3839.7
Maharashtra,Nashik,Rice,2021,8587.0,33321.9,3880.5
Maharashtra,Nashik,Onion,2021,75220.4,1420206.3,18880.6
Maharashtra,Pune,Potato,2021,61537.0,1682520.0,27341.6
Maharashtra,Pune,Sugarcane,2021,71597.2,5025099.6,70185.7
Maharashtra,Pune,Groundnut,2021,39128.8,102044.0,2607.9
Maharashtra,Pune,Onion,2021,25917.7,475918.9,18362.7
Maharashtra,Pune,Cotton,2021,73958.6,143842.1,1944.9
Maharashtra,Nagpur,Potato,2021,45429.9,1122881.8,24716.8
Maharashtra,Nagpur,Rice,2021,39642.8,173401.6,4374.1
Maharashtra,Nagpur,Sugarcane,2021,15549.4,1261124.8,81104.4
Maharashtra,Nagpur,Cotton,2021,38428.5,79658.4,2072.9
Maharashtra,Nagpur,Maize,2021,25142.7,78528.2,3123.3
Maharashtra,Aurangabad,Groundnut,2021,22697.9,61157.2,2694.4
Maharashtra,Aurangabad,Sugarcane,2021,58806.7,4567463.5,77669.1
Maharashtra,Aurangabad,Cotton,2021,72476.2,156244.2,2155.8
Maharashtra,Aurangabad,Maize,2021,42651.7,144610.6,3390.5
Maharashtra,Aurangabad,Onion,2021,40612.4,793407.9,19536.1
Maharashtra,Solapur,Maize,2021,75603.2,281039.8,3717.3
Maharashtra,Solapur,Potato,2021,53441.0,1406658.0,26321.7
Maharashtra,Solapur,Wheat,2021,10945.1,41478.6,3789.7
Maharashtra,Solapur,Groundnut,2021,43725.5,102693.7,2348.6
Maharashtra,Solapur,Chickpea,2021,34409.7,48400.7,1406.6
Uttar Pradesh,Varanasi,Sugarcane,2021,9885.7,818347.1,82780.9
Uttar Pradesh,Varanasi,Wheat,2021,79311.5,303382.3,3825.2
Uttar Pradesh,Varanasi,Cotton,2021,52551.7,115414.0,2196.2
Uttar Pradesh,Varanasi,Maize,2021,77115.5,271230.6,3517.2
Uttar Pradesh,Varanasi,Banana,2021,14221.7,735900.4,51744.9
Uttar Pradesh,Lucknow,Wheat,2021,21100.0,92325.2,4375.6
Uttar Pradesh,Lucknow,Rice,2021,68780.3,275595.8,4006.9
Uttar Pradesh,Lucknow,Cotton,2021,75036.8,159468.2,2125.2
Uttar Pradesh,Lucknow,Banana,2021,34704.4,1463238.1,42162.9
Uttar Pradesh,Lucknow,Sugarcane,2021,60638.5,4946652.3,81576.1
Uttar Pradesh,Agra,Banana,2021,33951.8,1645165.0,48455.9
Uttar Pradesh,Agra,Onion,2021,49564.5,1074880.5,21686.5
Uttar Pradesh,Agra,Chickpea,2021,70970.4,97775.9,1377.7
Uttar Pradesh,Agra,Rice,2021,7710.6,27630.9,3583.5
Uttar Pradesh,Agra,Sugarcane,2021,63211.9,5185038.3,82026.3
Uttar Pradesh,Kanpur,Potato,2021,12662.2,274315.2,21664.1
Uttar Pradesh,Kanpur,Chickpea,2021,47046.6,57420.4,1220.5
Uttar Pradesh,Kanpur,Maize,2021,70648.1,248391.7,3515.9
Uttar Pradesh,Kanpur,Onion,2021,25396.1,416788.1,16411.5
Uttar Pradesh,Kanpur,Wheat,2021,45318.9,175420.4,3870.8
Uttar Pradesh,Prayagraj,Rice,2021,43822.4,173216.8,3952.7
Uttar Pradesh,Prayagraj,Potato,2021,8597.8,209924.7,24416.1
Uttar Pradesh,Prayagraj,Wheat,2021,28276.9,106075.1,3751.3
Uttar Pradesh,Prayagraj,Maize,2021,25974.1,86041.8,3312.6
Uttar Pradesh,Prayagraj,Chickpea,2021,21089.4,28698.5,1360.8
Gujarat,Ahmedabad,Rice,2021,56080.6,216947.8,3868.5
Gujarat,Ahmedabad,Wheat,2021,74376.7,309935.1,4167.1
Gujarat,Ahmedabad,Onion,2021,21858.2,459151.2,21005.9
Gujarat,Ahmedabad,Potato,2021,28404.0,709256.4,24970.3
Gujarat,Ahmedabad,Maize,2021,65884.4,232815.7,3533.7
Gujarat,Surat,Potato,2021,64899.2,1814782.8,27963.1
Gujarat,Surat,Sugarcane,2021,16229.0,1211290.4,74637.4
Gujarat,Surat,Cotton,2021,68017.0,131123.2,1927.8
Gujarat,Surat,Maize,2021,53033.2,200279.9,3776.5
Gujarat,Surat,Chickpea,2021,38892.4,50704.0,1303.7
Gujarat,Rajkot,Cotton,2021,48623.7,114635.2,2357.6
Gujarat,Rajkot,Onion,2021,11189.2,189250.8,16913.7
Gujarat,Rajkot,Maize,2021,67791.7,218641.8,3225.2
Gujarat,Rajkot,Chickpea,2021,49068.1,67404.8,1373.7
Gujarat,Rajkot,Wheat,2021,20080.4,74257.3,3698.0
Gujarat,Vadodara,Onion,2021,65403.3,1347151.0,20597.6
Gujarat,Vadodara,Wheat,2021,66409.4,284331.8,4281.5
Gujarat,Vadodara,Cotton,2021,36617.5,74710.7,2040.3
Gujarat,Vadodara,Maize,2021,77591.5,295623.6,3810.0
Gujarat,Vadodara,Banana,2021,19423.6,973374.9,50113.0
Gujarat,Junagadh,Potato,2021,42230.9,1081233.5,25602.9
Gujarat,Junagadh,Rice,2021,8154.1,36404.8,4464.6
Gujarat,Junagadh,Maize,2021,14122.1,45896.8,3250.0
Gujarat,Junagadh,Groundnut,2021,20002.8,45096.3,2254.5
Gujarat,Junagadh,Wheat,2021,50738.1,217955.7,4295.7
Karnataka,Bengaluru Rural,Maize,2021,46263.7,163116.6,3525.8
Karnataka,Bengaluru Rural,Banana,2021,59872.3,2688416.0,44902.5
Karnataka,Bengaluru Rural,Cotton,2021,14823.4,34095.3,2300.1
Karnataka,Bengaluru Rural,Wheat,2021,68405.0,271376.3,3967.2
Karnataka,Bengaluru Rural,Groundnut,2021,45558.7,113997.0,2502.2
Karnataka,Belagavi,Sugarcane,2021,74812.4,5279264.2,70566.7
Karnataka,Belagavi,Chickpea,2021,63835.8,73972.9,1158.8
Karnataka,Belagavi,Rice,2021,62440.4,247900.9,3970.2
Karnataka,Belagavi,Maize,2021,51179.1,171618.9,3353.3
Karnataka,Belagavi,Onion,2021,71940.9,1372387.8,19076.6
Karnataka,Mysuru,Onion,2021,54326.6,1141907.1,21019.3
Karnataka,Mysuru,Sugarcane,2021,38515.7,2861238.9,74287.6
Karnataka,Mysuru,Cotton,2021,56382.3,122146.6,2166.4
Karnataka,Mysuru,Groundnut,2021,41771.2,98312.7,2353.6
Karnataka,Mysuru,Wheat,2021,33926.0,129902.7,3829.0
Karnataka,Hubballi,Onion,2021,66439.5,1347087.4,20275.4
Karnataka,Hubballi,Chickpea,2021,27461.1,39695.0,1445.5
Karnataka,Hubballi,Maize,2021,67201.2,235553.6,3505.2
Karnataka,Hubballi,Banana,2021,66912.0,3457664.2,51674.8
Karnataka,Hubballi,Rice,2021,73797.4,295602.9,4005.6
Karnataka,Dharwad,Rice,2021,39611.6,161900.5,4087.2
Karnataka,Dharwad,Onion,2021,53752.9,1012118.7,18829.1
Karnataka,Dharwad,Sugarcane,2021,13210.9,934922.2,70769.0
Karnataka,Dharwad,Cotton,2021,22177.6,46743.7,2107.7
Karnataka,Dharwad,Potato,2021,40252.6,1087206.6,27009.6
Rajasthan,Jaipur,Maize,2021,48397.7,195754.2,4044.7
Rajasthan,Jaipur,Groundnut,2021,53283.2,131263.2,2463.5
Rajasthan,Jaipur,Chickpea,2021,14254.4,18174.4,1275.0
Rajasthan,Jaipur,Potato,2021,72821.1,1853333.4,25450.5
Rajasthan,Jaipur,Sugarcane,2021,37260.1,2559202.5,68684.8
Rajasthan,Jodhpur,Onion,2021,58404.1,1220493.8,20897.4
Rajasthan,Jodhpur,Groundnut,2021,33931.1,82252.4,2424.1
Rajasthan,Jodhpur,Sugarcane,2021,11026.3,856799.7,77705.1
Rajasthan,Jodhpur,Banana,2021,59128.1,3021859.8,51107.0
Rajasthan,Jodhpur,Potato,2021,10101.2,266174.7,26350.8
Rajasthan,Udaipur,Sugarcane,2021,70100.9,6060517.2,86454.2
Rajasthan,Udaipur,Onion,2021,70674.3,1509765.6,21362.3
Rajasthan,Udaipur,Groundnut,2021,24517.2,66294.5,2704.0
Rajasthan,Udaipur,Cotton,2021,42869.8,82978.8,1935.6
Rajasthan,Udaipur,Wheat,2021,46860.3,172886.4,3689.4
Rajasthan,Kota,Chickpea,2021,8995.2,12211.0,1357.5
Rajasthan,Kota,Maize,2021,74868.5,263020.5,3513.1
Rajasthan,Kota,Banana,2021,7931.4,347945.8,43869.4
Rajasthan,Kota,Groundnut,2021,41882.4,105962.5,2530.0
Rajasthan,Kota,Sugarcane,2021,26198.0,2118142.4,80851.3
Rajasthan,Bikaner,Sugarcane,2021,61754.8,4517709.4,73155.6
Rajasthan,Bikaner,Maize,2021,20849.1,75846.9,3637.9
Rajasthan,Bikaner,Onion,2021,24212.9,446316.4,18433.0
Rajasthan,Bikaner,Chickpea,2021,72847.5,82106.4,1127.1
Rajasthan,Bikaner,Cotton,2021,33320.2,79731.9,2392.9
Madhya Pradesh,Indore,Potato,2021,64346.1,1517236.0,23579.3
Madhya Pradesh,Indore,Onion,2021,33318.6,672202.8,20175.0
Madhya Pradesh,Indore,Maize,2021,15833.0,55524.7,3506.9
Madhya Pradesh,Indore,Wheat,2021,71278.1,264584.3,3712.0
Madhya Pradesh,Indore,Cotton,2021,19745.7,50223.2,2543.5
Madhya Pradesh,Bhopal,Cotton,2021,49721.7,97877.2,1968.5
Madhya Pradesh,Bhopal,Wheat,2021,42147.8,153662.4,3645.8
Madhya Pradesh,Bhopal,Potato,2021,8679.1,238625.8,27494.3
Madhya Pradesh,Bhopal,Banana,2021,76350.5,4034429.1,52840.9
Madhya Pradesh,Bhopal,Chickpea,2021,35573.0,47557.5,1336.9
Madhya Pradesh,Ujjain,Groundnut,2021,38499.4,103744.3,2694.7
Madhya Pradesh,Ujjain,Potato,2021,58663.0,1586024.6,27036.2
Madhya Pradesh,Ujjain,Chickpea,2021,79992.9,103654.8,1295.8
Madhya Pradesh,Ujjain,Cotton,2021,69591.0,139175.0,1999.9
Madhya Pradesh,Ujjain,Wheat,2021,10899.9,42552.1,3903.9
Madhya Pradesh,Jabalpur,Cotton,2021,10059.4,20846.1,2072.3
Madhya Pradesh,Jabalpur,Onion,2021,46889.1,900308.2,19200.8
Madhya Pradesh,Jabalpur,Maize,2021,22981.9,68612.5,2985.5
Madhya Pradesh,Jabalpur,Rice,2021,69933.3,283943.2,4060.2
Madhya Pradesh,Jabalpur,Groundnut,2021,72274.0,189719.2,2625.0
Madhya Pradesh,Gwalior,Chickpea,2021,57555.5,85136.1,1479.2
Madhya Pradesh,Gwalior,Cotton,2021,53917.8,119940.1,2224.5
Madhya Pradesh,Gwalior,Potato,2021,38839.6,989135.9,25467.2
Madhya Pradesh,Gwalior,Groundnut,2021,79523.6,201894.5,2538.8
Madhya Pradesh,Gwalior,Onion,2021,49537.6,1162013.4,23457.2
Bihar,Patna,Maize,2021,70706.1,263224.7,3722.8
Bihar,Patna,Onion,2021,64731.1,1299794.0,20079.9
Bihar,Patna,Rice,2021,36360.9,141458.4,3890.4
Bihar,Patna,Wheat,2021,63143.3,231382.3,3664.4
Bihar,Patna,Groundnut,2021,27098.2,68414.8,2524.7
Bihar,Gaya,Banana,2021,56021.9,2427658.6,43334.1
Bihar,Gaya,Sugarcane,2021,48166.6,3661677.9,76021.1
Bihar,Gaya,Groundnut,2021,68638.3,178164.4,2595.7
Bihar,Gaya,Cotton,2021,30691.1,61581.7,2006.5
Bihar,Gaya,Potato,2021,12556.2,339851.1,27066.4
Bihar,Muzaffarpur,Onion,2021,43483.5,895638.3,20597.2
Bihar,Muzaffarpur,Cotton,2021,57387.1,111881.9,1949.6
Bihar,Muzaffarpur,Sugarcane,2021,68724.8,5371757.2,78163.3
Bihar,Muzaffarpur,Potato,2021,68064.7,1799549.0,26438.8
Bihar,Muzaffarpur,Maize,2021,56599.0,191021.6,3375.0
Bihar,Bhagalpur,Onion,2021,75871.4,1540052.9,20298.2
Bihar,Bhagalpur,Chickpea,2021,77125.2,102900.4,1334.2
Bihar,Bhagalpur,Potato,2021,39684.2,1028781.1,25924.2
Bihar,Bhagalpur,Cotton,2021,14246.5,29114.1,2043.6
Bihar,Bhagalpur,Groundnut,2021,29794.7,77767.1,2610.1
Bihar,Darbhanga,Wheat,2021,18684.2,75403.8,4035.7
Bihar,Darbhanga,Chickpea,2021,63140.3,83364.1,1320.3
Bihar,Darbhanga,Potato,2021,57518.0,1353755.2,23536.2
Bihar,Darbhanga,Rice,2021,78242.7,354251.6,4527.6
Bihar,Darbhanga,Groundnut,2021,73697.7,183389.4,2488.4
West Bengal,Hooghly,Groundnut,2021,34447.1,87161.5,2530.3
West Bengal,Hooghly,Chickpea,2021,26754.4,34689.8,1296.6
West Bengal,Hooghly,Banana,2021,67193.6,2811904.3,41847.8
West Bengal,Hooghly,Onion,2021,45550.5,771388.6,16934.8
West Bengal,Hooghly,Wheat,2021,24728.3,90446.2,3657.6
West Bengal,Burdwan,Groundnut,2021,64291.2,162483.1,2527.3
West Bengal,Burdwan,Onion,2021,13750.6,272554.8,19821.3
West Bengal,Burdwan,Wheat,2021,31184.2,110566.7,3545.6
West Bengal,Burdwan,Sugarcane,2021,69504.4,6031564.0,86779.6
West Bengal,Burdwan,Potato,2021,8351.5,215774.4,25836.6
West Bengal,Nadia,Cotton,2021,77426.1,163748.5,2114.9
West Bengal,Nadia,Wheat,2021,45914.3,156407.1,3406.5
West Bengal,Nadia,Banana,2021,75265.5,3744902.7,49755.9
West Bengal,Nadia,Rice,2021,60850.9,239849.9,3941.6
West Bengal,Nadia,Chickpea,2021,27658.8,38755.5,1401.2
West Bengal,Murshidabad,Rice,2021,48997.4,185959.8,3795.3
West Bengal,Murshidabad,Groundnut,2021,14900.8,38867.2,2608.4
West Bengal,Murshidabad,Onion,2021,75230.9,1530211.6,20340.2
West Bengal,Murshidabad,Wheat,2021,56081.5,238391.2,4250.8
West Bengal,Murshidabad,Potato,2021,70675.9,1572609.5,22251.0
West Bengal,Birbhum,Potato,2021,13669.5,315857.0,23106.7
West Bengal,Birbhum,Maize,2021,38619.4,119955.7,3106.1
West Bengal,Birbhum,Rice,2021,60780.9,212417.1,3494.8
West Bengal,Birbhum,Groundnut,2021,52632.5,125112.7,2377.1
West Bengal,Birbhum,Chickpea,2021,73300.4,101117.9,1379.5
Tamil Nadu,Coimbatore,Maize,2021,9125.0,27316.6,2993.6
Tamil Nadu,Coimbatore,Wheat,2021,15703.2,55600.3,3540.7
Tamil Nadu,Coimbatore,Cotton,2021,8298.2,16709.3,2013.6
Tamil Nadu,Coimbatore,Onion,2021,24713.1,544133.0,22018.0
Tamil Nadu,Coimbatore,Rice,2021,22041.1,79724.9,3617.1
Tamil Nadu,Madurai,Wheat,2021,42332.4,145864.8,3445.7
Tamil Nadu,Madurai,Cotton,2021,32202.5,68733.0,2134.4
Tamil Nadu,Madurai,Groundnut,2021,56575.0,124346.2,2197.9
Tamil Nadu,Madurai,Rice,2021,74323.4,276981.0,3726.7
Tamil Nadu,Madurai,Potato,2021,58092.5,1407668.4,24231.5
Tamil Nadu,Salem,Potato,2021,73538.0,1931122.6,26260.2
Tamil Nadu,Salem,Wheat,2021,33227.6,122337.4,3681.8
Tamil Nadu,Salem,Groundnut,2021,34955.7,93160.4,2665.1
Tamil Nadu,Salem,Onion,2021,39482.8,759380.6,19233.2
Tamil Nadu,Salem,Sugarcane,2021,52224.1,3784320.2,72463.1
Tamil Nadu,Thanjavur,Potato,2021,60535.1,1608653.7,26573.9
Tamil Nadu,Thanjavur,Sugarcane,2021,39268.8,2926958.9,74536.5
Tamil Nadu,Thanjavur,Chickpea,2021,52821.7,66724.4,1263.2
Tamil Nadu,Thanjavur,Banana,2021,10161.1,468300.7,46087.6
Tamil Nadu,Thanjavur,Wheat,2021,28637.0,108926.6,3803.7
Tamil Nadu,Tiruchirappalli,Wheat,2021,67271.3,279229.7,4150.8
Tamil Nadu,Tiruchirappalli,Chickpea,2021,57610.5,76702.6,1331.4
Tamil Nadu,Tiruchirappalli,Rice,2021,40207.2,158585.2,3944.2
Tamil Nadu,Tiruchirappalli,Banana,2021,79105.8,4112251.7,51984.2
Tamil Nadu,Tiruchirappalli,Onion,2021,62957.3,1275231.6,20255.5
Punjab,Ludhiana,Chickpea,2022,37407.2,56006.1,1497.2
Punjab,Ludhiana,Cotton,2022,60463.2,137753.3,2278.3
Punjab,Ludhiana,Maize,2022,79470.0,306460.2,3856.3
Punjab,Ludhiana,Potato,2022,20001.6,515633.2,25779.6
Punjab,Ludhiana,Onion,2022,55204.6,1260216.1,22828.1
Punjab,Amritsar,Rice,2022,70293.3,283788.1,4037.2
Punjab,Amritsar,Onion,2022,6039.2,121264.7,20079.6
Punjab,Amritsar,Groundnut,2022,69236.1,163563.4,2362.4
Punjab,Amritsar,Potato,2022,20185.9,517219.3,25622.8
Punjab,Amritsar,Maize,2022,6582.1,24997.5,3797.8
Punjab,Jalandhar,Banana,2022,58976.3,3030190.5,51379.8
Punjab,Jalandhar,Chickpea,2022,63628.9,96035.1,1509.3
Punjab,Jalandhar,Wheat,2022,78056.2,284702.2,3647.4
Punjab,Jalandhar,Potato,2022,58858.8,1170313.1,19883.4
Punjab,Jalandhar,Sugarcane,2022,37082.0,3219774.4,86828.5
Punjab,Patiala,Onion,2022,38939.9,780406.2,20041.3
Punjab,Patiala,Wheat,2022,29927.9,115120.7,3846.6
Punjab,Patiala,Groundnut,2022,30774.0,74660.8,2426.1
Punjab,Patiala,Potato,2022,59698.7,1634848.9,27385.0
Punjab,Patiala,Cotton,2022,25236.4,53751.0,2129.9
Punjab,Bathinda,Sugarcane,2022,36085.7,2880209.0,79815.8
Punjab,Bathinda,Wheat,2022,59036.2,238205.2,4034.9
Punjab,Bathinda,Potato,2022,39269.8,1063622.5,27085.0
Punjab,Bathinda,Chickpea,2022,15319.1,23427.5,1529.3
Punjab,Bathinda,Rice,2022,25590.6,94859.2,3706.8
Maharashtra,Nashik,Potato,2022,72629.3,2116788.2,29145.1
Maharashtra,Nashik,Onion,2022,65951.6,1311691.6,19888.7
Maharashtra,Nashik,Chickpea,2022,71179.9,97139.2,1364.7
Maharashtra,Nashik,Cotton,2022,21676.2,48949.2,2258.2
Maharashtra,Nashik,Sugarcane,2022,53810.1,3924612.7,72934.5
Maharashtra,Pune,Banana,2022,16703.0,872989.0,52265.4
Maharashtra,Pune,Rice,2022,27363.8,113212.2,4137.3
Maharashtra,Pune,Cotton,2022,58212.5,129016.4,2216.3
Maharashtra,Pune,Groundnut,2022,68485.7,173200.3,2529.0
Maharashtra,Pune,Maize,2022,58008.8,185871.8,3204.2
Maharashtra,Nagpur,Rice,2022,54972.6,222886.4,4054.5
Maharashtra,Nagpur,Groundnut,2022,61676.0,140368.4,2275.9
Maharashtra,Nagpur,Potato,2022,78862.4,2212973.6,28061.2
Maharashtra,Nagpur,Onion,2022,71765.9,1473318.0,20529.5
Maharashtra,Nagpur,Cotton,2022,51919.7,120853.5,2327.7
Maharashtra,Aurangabad,Banana,2022,9457.7,538822.2,56971.8
Maharashtra,Aurangabad,Potato,2022,10659.5,245398.7,23021.6
Maharashtra,Aurangabad,Sugarcane,2022,41850.3,3855191.0,92118.6
Maharashtra,Aurangabad,Chickpea,2022,77905.9,119702.4,1536.5
Maharashtra,Aurangabad,Maize,2022,57383.9,200803.5,3499.3
Maharashtra,Solapur,Wheat,2022,74414.0,277936.3,3735.0
Maharashtra,Solapur,Sugarcane,2022,79865.0,6290423.0,78763.2
Maharashtra,Solapur,Maize,2022,10687.0,38235.9,3577.8
Maharashtra,Solapur,Banana,2022,21754.9,1089454.9,50078.6
Maharashtra,Solapur,Chickpea,2022,53369.0,70628.5,1323.4
Uttar Pradesh,Varanasi,Maize,2022,8395.0,31164.8,3712.3
Uttar Pradesh,Varanasi,Potato,2022,78490.9,1842605.3,23475.4
Uttar Pradesh,Varanasi,Rice,2022,25945.1,102955.3,3968.2
Uttar Pradesh,Varanasi,Banana,2022,73102.3,3151696.0,43113.5
Uttar Pradesh,Varanasi,Chickpea,2022,41460.7,57580.6,1388.8
Uttar Pradesh,Lucknow,Banana,2022,21083.0,952567.9,45181.8
Uttar Pradesh,Lucknow,Maize,2022,27770.4,96032.8,3458.1
Uttar Pradesh,Lucknow,Wheat,2022,17105.1,59472.7,3476.9
Uttar Pradesh,Lucknow,Onion,2022,8380.1,176747.2,21091.3
Uttar Pradesh,Lucknow,Rice,2022,10708.8,51750.3,4832.5
Uttar Pradesh,Agra,Chickpea,2022,22221.6,26988.1,1214.5
Uttar Pradesh,Agra,Potato,2022,56279.4,1672027.2,29709.4
Uttar Pradesh,Agra,Groundnut,2022,9987.2,25477.3,2551.0
Uttar Pradesh,Agra,Banana,2022,73688.3,3896843.6,52882.8
Uttar Pradesh,Agra,Sugarcane,2022,71821.7,5513033.7,76760.0
Uttar Pradesh,Kanpur,Maize,2022,12128.8,45046.4,3714.0
Uttar Pradesh,Kanpur,Banana,2022,11471.4,558053.8,48647.4
Uttar Pradesh,Kanpur,Wheat,2022,39665.8,148889.5,3753.6
Uttar Pradesh,Kanpur,Rice,2022,45015.4,166120.3,3690.3
Uttar Pradesh,Kanpur,Groundnut,2022,19871.2,47744.5,2402.7
Uttar Pradesh,Prayagraj,Onion,2022,12501.7,224980.6,17996.0
Uttar Pradesh,Prayagraj,Groundnut,2022,34093.6,76471.9,2243.0
Uttar Pradesh,Prayagraj,Chickpea,2022,43545.5,59626.9,1369.3
Uttar Pradesh,Prayagraj,Cotton,2022,66633.5,152210.9,2284.3
Uttar Pradesh,Prayagraj,Potato,2022,77490.7,2007450.8,25905.7
Gujarat,Ahmedabad,Rice,2022,10056.5,40853.5,4062.4
Gujarat,Ahmedabad,Maize,2022,56550.4,211877.4,3746.7
Gujarat,Ahmedabad,Onion,2022,40525.9,829796.2,20475.7
Gujarat,Ahmedabad,Potato,2022,74220.5,2051254.2,27637.3
Gujarat,Ahmedabad,Chickpea,2022,64151.9,81242.0,1266.4
Gujarat,Surat,Chickpea,2022,38374.6,55581.8,1448.4
Gujarat,Surat,Sugarcane,2022,75303.3,5215303.2,69257.3
Gujarat,Surat,Maize,2022,39016.2,137606.2,3526.9
Gujarat,Surat,Groundnut,2022,40070.4,106366.9,2654.5
Gujarat,Surat,Rice,2022,49334.5,226756.2,4596.3
Gujarat,Rajkot,Groundnut,2022,19928.7,50850.1,2551.6
Gujarat,Rajkot,Chickpea,2022,68469.6,107435.6,1569.1
Gujarat,Rajkot,Wheat,2022,76672.2,317752.6,4144.3
Gujarat,Rajkot,Onion,2022,77926.3,1687486.2,21654.9
Gujarat,Rajkot,Banana,2022,77624.3,4240165.3,54624.2
Gujarat,Vadodara,Banana,2022,75570.3,3712421.2,49125.4
Gujarat,Vadodara,Onion,2022,42907.4,899798.2,20970.7
Gujarat,Vadodara,Wheat,2022,47031.3,170686.0,3629.2
Gujarat,Vadodara,Groundnut,2022,43662.5,120325.1,2755.8
Gujarat,Vadodara,Rice,2022,63540.8,293793.6,4623.7
Gujarat,Junagadh,Onion,2022,33503.9,684528.2,20431.3
Gujarat,Junagadh,Chickpea,2022,24064.3,34363.8,1428.0
Gujarat,Junagadh,Cotton,2022,26431.6,58268.5,2204.5
Gujarat,Junagadh,Sugarcane,2022,46237.6,3957545.5,85591.5
Gujarat,Junagadh,Rice,2022,52625.5,199729.6,3795.3
Karnataka,Bengaluru Rural,Maize,2022,52348.1,187715.1,3585.9
Karnataka,Bengaluru Rural,Chickpea,2022,76197.0,112024.8,1470.2
Karnataka,Bengaluru Rural,Onion,2022,59964.6,1102988.9,18394.0
Karnataka,Bengaluru Rural,Wheat,2022,15034.5,63469.6,4221.6
Karnataka,Bengaluru Rural,Rice,2022,18654.9,75666.1,4056.1
Karnataka,Belagavi,Sugarcane,2022,7617.9,600318.7,78803.7
Karnataka,Belagavi,Cotton,2022,66417.9,143150.5,2155.3
Karnataka,Belagavi,Banana,2022,44965.2,2031159.0,45171.8
Karnataka,Belagavi,Groundnut,2022,27833.7,70383.1,2528.7
Karnataka,Belagavi,Wheat,2022,25582.9,100781.3,3939.4
Karnataka,Mysuru,Potato,2022,32059.5,775968.1,24204.0
Karnataka,Mysuru,Sugarcane,2022,53346.2,4457917.9,83565.8
Karnataka,Mysuru,Chickpea,2022,33576.7,47454.0,1413.3
Karnataka,Mysuru,Rice,2022,64335.9,259653.3,4035.9
Karnataka,Mysuru,Wheat,2022,20679.7,74734.4,3613.9
Karnataka,Hubballi,Wheat,2022,20909.4,74399.8,3558.2
Karnataka,Hubballi,Maize,2022,57897.9,221227.9,3821.0
Karnataka,Hubballi,Chickpea,2022,59636.9,83879.3,1406.5
Karnataka,Hubballi,Onion,2022,67084.6,1273996.9,18990.9
Karnataka,Hubballi,Rice,2022,69659.1,314329.7,4512.4
Karnataka,Dharwad,Sugarcane,2022,36839.4,3207591.8,87069.6
Karnataka,Dharwad,Potato,2022,9880.8,263834.2,26701.7
Karnataka,Dharwad,Rice,2022,40472.0,176660.3,4365.0
Karnataka,Dharwad,Cotton,2022,15527.4,34767.4,2239.1
Karnataka,Dharwad,Groundnut,2022,27353.2,68760.5,2513.8
Rajasthan,Jaipur,Chickpea,2022,63864.0,79989.7,1252.5
Rajasthan,Jaipur,Banana,2022,12775.9,560049.5,43836.4
Rajasthan,Jaipur,Cotton,2022,58026.0,112030.8,1930.7
Rajasthan,Jaipur,Onion,2022,68394.7,1271601.1,18592.1
Rajasthan,Jaipur,Sugarcane,2022,60356.3,5221671.0,86514.1
Rajasthan,Jodhpur,Maize,2022,42095.7,136049.1,3231.9
Rajasthan,Jodhpur,Chickpea,2022,9746.6,13508.8,1386.0
Rajasthan,Jodhpur,Sugarcane,2022,44659.9,3528297.3,79003.7
Rajasthan,Jodhpur,Wheat,2022,74182.0,281149.8,3790.0
Rajasthan,Jodhpur,Banana,2022,20960.6,909409.2,43386.6
Rajasthan,Udaipur,Wheat,2022,41129.0,176250.1,4285.3
Rajasthan,Udaipur,Groundnut,2022,37225.0,92459.5,2483.8
Rajasthan,Udaipur,Sugarcane,2022,49845.7,4030727.7,80864.1
Rajasthan,Udaipur,Chickpea,2022,42954.0,57949.2,1349.1
Rajasthan,Udaipur,Maize,2022,73463.2,261117.6,3554.4
Rajasthan,Kota,Sugarcane,2022,56353.4,4734491.5,84014.3
Rajasthan,Kota,Wheat,2022,37328.3,140921.8,3775.2
Rajasthan,Kota,Potato,2022,79733.8,1894411.3,23759.2
Rajasthan,Kota,Chickpea,2022,31455.4,39290.9,1249.1
Rajasthan,Kota,Cotton,2022,54340.2,121048.2,2227.6
Rajasthan,Bikaner,Sugarcane,2022,14899.8,1228664.3,82461.8
Rajasthan,Bikaner,Groundnut,2022,46323.7,122544.7,2645.4
Rajasthan,Bikaner,Banana,2022,70055.8,3364773.1,48029.9
Rajasthan,Bikaner,Rice,2022,18618.2,76167.1,4091.0
Rajasthan,Bikaner,Wheat,2022,55159.5,232127.7,4208.3
Madhya Pradesh,Indore,Onion,2022,52183.7,1024773.1,19637.8
Madhya Pradesh,Indore,Maize,2022,56382.6,178823.1,3171.6
Madhya Pradesh,Indore,Wheat,2022,74781.2,278545.0,3724.8
Madhya Pradesh,Indore,Banana,2022,38785.2,1851721.8,47743.0
Madhya Pradesh,Indore,Cotton,2022,76566.0,157465.6,2056.6
Madhya Pradesh,Bhopal,Onion,2022,79370.8,1477114.4,18610.3
Madhya Pradesh,Bhopal,Groundnut,2022,28210.7,73322.4,2599.1
Madhya Pradesh,Bhopal,Wheat,2022,56612.4,204178.3,3606.6
Madhya Pradesh,Bhopal,Rice,2022,35414.8,145501.7,4108.5
Madhya Pradesh,Bhopal,Sugarcane,2022,58350.1,4199859.3,71976.9
Madhya Pradesh,Ujjain,Maize,2022,70246.7,239871.4,3414.7
Madhya Pradesh,Ujjain,Chickpea,2022,78280.8,112794.8,1440.9
Madhya Pradesh,Ujjain,Wheat,2022,7844.4,32799.8,4181.3
Madhya Pradesh,Ujjain,Banana,2022,69753.9,3148335.3,45134.9
Madhya Pradesh,Ujjain,Onion,2022,65083.9,1327008.7,20389.2
Madhya Pradesh,Jabalpur,Maize,2022,45341.8,157172.8,3466.4
Madhya Pradesh,Jabalpur,Rice,2022,38232.8,170178.0,4451.1
Madhya Pradesh,Jabalpur,Sugarcane,2022,33980.6,2834590.3,83417.9
Madhya Pradesh,Jabalpur,Cotton,2022,49615.5,110965.1,2236.5
Madhya Pradesh,Jabalpur,Chickpea,2022,30240.5,41958.7,1387.5
Madhya Pradesh,Gwalior,Wheat,2022,11957.8,49174.1,4112.3
Madhya Pradesh,Gwalior,Potato,2022,61703.9,1421503.6,23037.5
Madhya Pradesh,Gwalior,Groundnut,2022,44872.9,102216.0,2277.9
Madhya Pradesh,Gwalior,Cotton,2022,13945.4,31986.6,2293.7
Madhya Pradesh,Gwalior,Maize,2022,20501.5,64649.4,3153.4
Bihar,Patna,Potato,2022,60089.3,1612111.8,26828.6
Bihar,Patna,Wheat,2022,64010.0,236913.8,3701.2
Bihar,Patna,Cotton,2022,31530.1,68839.7,2183.3
Bihar,Patna,Maize,2022,26838.8,86646.4,3228.4
Bihar,Patna,Rice,2022,11657.9,48090.0,4125.1
Bihar,Gaya,Onion,2022,43718.0,829142.5,18965.7
Bihar,Gaya,Wheat,2022,20405.1,90965.9,4458.0
Bihar,Gaya,Rice,2022,20712.4,74691.0,3606.1
Bihar,Gaya,Chickpea,2022,15235.0,21620.0,1419.1
Bihar,Gaya,Banana,2022,49281.1,2249830.1,45653.0
Bihar,Muzaffarpur,Wheat,2022,61913.1,237777.3,3840.5
Bihar,Muzaffarpur,Chickpea,2022,40166.1,54991.4,1369.1
Bihar,Muzaffarpur,Onion,2022,19961.4,419898.0,21035.5
Bihar,Muzaffarpur,Potato,2022,18909.7,422694.2,22353.3
Bihar,Muzaffarpur,Rice,2022,11505.6,45958.0,3994.4
Bihar,Bhagalpur,Potato,2022,34845.8,840386.6,24117.3
Bihar,Bhagalpur,Banana,2022,40970.4,2042808.7,49860.6
Bihar,Bhagalpur,Chickpea,2022,59942.3,94606.9,1578.3
Bihar,Bhagalpur,Groundnut,2022,32462.0,80849.9,2490.6
Bihar,Bhagalpur,Onion,2022,61051.8,1318212.2,21591.7
Bihar,Darbhanga,Rice,2022,74712.8,276810.9,3705.0
Bihar,Darbhanga,Chickpea,2022,27773.3,39096.5,1407.7
Bihar,Darbhanga,Cotton,2022,58258.7,137583.7,2361.6
Bihar,Darbhanga,Sugarcane,2022,11158.2,742868.3,66576.0
Bihar,Darbhanga,Potato,2022,25015.0,608695.0,24333.2
West Bengal,Hooghly,Cotton,2022,41399.9,74656.4,1803.3
West Bengal,Hooghly,Potato,2022,41188.6,1044571.7,25360.7
West Bengal,Hooghly,Rice,2022,40620.9,160009.8,3939.1
West Bengal,Hooghly,Maize,2022,61308.7,226633.7,3696.6
West Bengal,Hooghly,Groundnut,2022,46055.8,103533.4,2248.0
West Bengal,Burdwan,Groundnut,2022,36356.0,90159.2,2479.9
West Bengal,Burdwan,Banana,2022,62088.8,3360034.8,54116.6
West Bengal,Burdwan,Onion,2022,27255.9,530789.6,19474.3
West Bengal,Burdwan,Wheat,2022,34265.4,135889.7,3965.8
West Bengal,Burdwan,Chickpea,2022,67241.4,95220.5,1416.1
West Bengal,Nadia,Rice,2022,44752.2,180888.4,4042.0
West Bengal,Nadia,Sugarcane,2022,32259.4,2524004.5,78240.9
West Bengal,Nadia,Groundnut,2022,30325.5,69490.9,2291.5
West Bengal,Nadia,Chickpea,2022,35743.3,54494.2,1524.6
West Bengal,Nadia,Maize,2022,30543.5,103686.0,3394.7
West Bengal,Murshidabad,Sugarcane,2022,7802.0,675074.3,86525.8
West Bengal,Murshidabad,Wheat,2022,72286.5,275389.9,3809.7
West Bengal,Murshidabad,Cotton,2022,69959.4,143556.7,2052.0
West Bengal,Murshidabad,Maize,2022,34358.7,128704.3,3745.9
West Bengal,Murshidabad,Groundnut,2022,77543.6,188849.7,2435.4
West Bengal,Birbhum,Rice,2022,6221.4,25487.8,4096.8
West Bengal,Birbhum,Groundnut,2022,49495.9,128738.8,2601.0
West Bengal,Birbhum,Sugarcane,2022,54176.5,4198575.8,77498.1
West Bengal,Birbhum,Chickpea,2022,22552.9,30565.9,1355.3
West Bengal,Birbhum,Maize,2022,74897.3,233582.2,3118.7
Tamil Nadu,Coimbatore,Wheat,2022,37553.1,163337.2,4349.5
Tamil Nadu,Coimbatore,Cotton,2022,26500.4,51670.5,1949.8
Tamil Nadu,Coimbatore,Chickpea,2022,6252.3,8146.7,1303.0
Tamil Nadu,Coimbatore,Groundnut,2022,51225.4,129533.7,2528.7
Tamil Nadu,Coimbatore,Maize,2022,42536.2,150276.1,3532.9
Tamil Nadu,Madurai,Rice,2022,59476.1,224956.5,3782.3
Tamil Nadu,Madurai,Wheat,2022,61942.1,233354.5,3767.3
Tamil Nadu,Madurai,Potato,2022,15818.6,405413.3,25628.9
Tamil Nadu,Madurai,Cotton,2022,36995.9,85771.3,2318.4
Tamil Nadu,Madurai,Maize,2022,45735.3,152179.6,3327.4
Tamil Nadu,Salem,Sugarcane,2022,46119.5,3537425.6,76701.3
Tamil Nadu,Salem,Banana,2022,47331.0,2308077.3,48764.6
Tamil Nadu,Salem,Groundnut,2022,71570.9,183099.8,2558.3
Tamil Nadu,Salem,Rice,2022,48696.8,208734.0,4286.4
Tamil Nadu,Salem,Cotton,2022,21120.5,44625.5,2112.9
Tamil Nadu,Thanjavur,Cotton,2022,62345.0,138848.5,2227.1
Tamil Nadu,Thanjavur,Wheat,2022,43557.4,156471.2,3592.3
Tamil Nadu,Thanjavur,Rice,2022,50426.7,238382.1,4727.3
Tamil Nadu,Thanjavur,Sugarcane,2022,24533.1,1932339.8,78764.6
Tamil Nadu,Thanjavur,Maize,2022,63830.7,224926.6,3523.8
Tamil Nadu,Tiruchirappalli,Maize,2022,56181.1,179959.3,3203.2
Tamil Nadu,Tiruchirappalli,Rice,2022,68460.9,324306.1,4737.1
Tamil Nadu,Tiruchirappalli,Cotton,2022,50885.0,110023.5,2162.2
Tamil Nadu,Tiruchirappalli,Potato,2022,46580.0,1315060.5,28232.3
Tamil Nadu,Tiruchirappalli,Banana,2022,53034.6,2325758.1,43853.6
Punjab,Ludhiana,Groundnut,2023,66055.5,153301.6,2320.8
Punjab,Ludhiana,Wheat,2023,63493.9,263671.1,4152.7
Punjab,Ludhiana,Potato,2023,14723.4,419588.9,28498.1
Punjab,Ludhiana,Banana,2023,24663.8,1228582.8,49813.2
Punjab,Ludhiana,Chickpea,2023,59579.3,86110.0,1445.3
Punjab,Amritsar,Banana,2023,61177.4,3065422.1,50107.1
Punjab,Amritsar,Onion,2023,46414.2,880101.4,18961.9
Punjab,Amritsar,Rice,2023,10305.2,43531.2,4224.2
Punjab,Amritsar,Chickpea,2023,78760.9,115306.0,1464.0
Punjab,Amritsar,Potato,2023,7390.1,192017.7,25983.1
Punjab,Jalandhar,Sugarcane,2023,28872.5,2357171.1,81640.7
Punjab,Jalandhar,Banana,2023,22143.1,982101.8,44352.5
Punjab,Jalandhar,Chickpea,2023,37096.1,50153.9,1352.0
Punjab,Jalandhar,Onion,2023,50232.4,1100893.3,21916.0
Punjab,Jalandhar,Wheat,2023,66559.9,279871.1,4204.8
Punjab,Patiala,Onion,2023,74438.2,1489828.5,20014.3
Punjab,Patiala,Groundnut,2023,23547.4,55946.3,2375.9
Punjab,Patiala,Rice,2023,30266.6,123530.1,4081.4
Punjab,Patiala,Cotton,2023,45216.8,103523.9,2289.5
Punjab,Patiala,Banana,2023,60978.9,3097404.9,50794.7
Punjab,Bathinda,Chickpea,2023,33432.4,38403.8,1148.7
Punjab,Bathinda,Groundnut,2023,25449.5,66746.4,2622.7
Punjab,Bathinda,Wheat,2023,38183.4,158915.5,4161.9
Punjab,Bathinda,Banana,2023,74052.3,3273704.1,44208.0
Punjab,Bathinda,Cotton,2023,74250.7,153780.6,2071.1
Maharashtra,Nashik,Sugarcane,2023,47189.6,4100214.7,86888.1
Maharashtra,Nashik,Maize,2023,63221.8,223463.8,3534.6
Maharashtra,Nashik,Potato,2023,32583.1,774542.6,23771.3
Maharashtra,Nashik,Groundnut,2023,21660.4,52403.0,2419.3
Maharashtra,Nashik,Banana,2023,23700.7,1253944.8,52907.5
Maharashtra,Pune,Rice,2023,32770.9,127383.8,3887.1
Maharashtra,Pune,Onion,2023,35349.6,719428.0,20351.8
Maharashtra,Pune,Potato,2023,38891.9,1061531.1,27294.4
Maharashtra,Pune,Chickpea,2023,26448.6,35888.1,1356.9
Maharashtra,Pune,Sugarcane,2023,70069.1,5481036.2,78223.3
Maharashtra,Nagpur,Onion,2023,47122.7,924217.5,19613.0
Maharashtra,Nagpur,Groundnut,2023,70932.5,188574.1,2658.5
Maharashtra,Nagpur,Banana,2023,65525.1,2708722.5,41338.7
Maharashtra,Nagpur,Rice,2023,32715.3,147709.6,4515.0
Maharashtra,Nagpur,Potato,2023,77346.3,1965230.3,25408.2
Maharashtra,Aurangabad,Onion,2023,9657.3,196479.7,20345.2
Maharashtra,Aurangabad,Cotton,2023,68774.1,141227.6,2053.5
Maharashtra,Aurangabad,Groundnut,2023,45065.6,118612.7,2632.0
Maharashtra,Aurangabad,Potato,2023,29953.1,792202.6,26448.1
Maharashtra,Aurangabad,Maize,2023,50455.9,160046.1,3172.0
Maharashtra,Solapur,Potato,2023,64753.9,1624604.1,25088.9
Maharashtra,Solapur,Chickpea,2023,59131.3,82547.3,1396.0
Maharashtra,Solapur,Cotton,2023,9287.2,20920.3,2252.6
Maharashtra,Solapur,Wheat,2023,45425.6,186467.5,4104.9
Maharashtra,Solapur,Sugarcane,2023,25452.0,1994408.5,78359.6
Uttar Pradesh,Varanasi,Cotton,2023,40739.7,88938.8,2183.1
Uttar Pradesh,Varanasi,Wheat,2023,62606.4,270265.6,4316.9
Uttar Pradesh,Varanasi,Chickpea,2023,42089.5,58096.1,1380.3
Uttar Pradesh,Varanasi,Groundnut,2023,77345.5,189658.9,2452.1
Uttar Pradesh,Varanasi,Sugarcane,2023,72326.1,5888530.7,81416.4
Uttar Pradesh,Lucknow,Chickpea,2023,78730.2,111253.6,1413.1
Uttar Pradesh,Lucknow,Groundnut,2023,31663.0,87427.9,2761.2
Uttar Pradesh,Lucknow,Cotton,2023,63237.7,156070.6,2468.0
Uttar Pradesh,Lucknow,Onion,2023,73535.1,1369804.5,18627.9
Uttar Pradesh,Lucknow,Maize,2023,7512.6,26821.5,3570.2
Uttar Pradesh,Agra,Onion,2023,71186.0,1559122.9,21902.1
Uttar Pradesh,Agra,Potato,2023,68728.2,1766933.3,25709.0
Uttar Pradesh,Agra,Maize,2023,53087.5,173346.6,3265.3
Uttar Pradesh,Agra,Banana,2023,19712.1,967097.3,49061.1
Uttar Pradesh,Agra,Chickpea,2023,48464.7,76157.4,1571.4
Uttar Pradesh,Kanpur,Chickpea,2023,69310.1,93797.4,1353.3
Uttar Pradesh,Kanpur,Potato,2023,72807.0,1883415.2,25868.6
Uttar Pradesh,Kanpur,Cotton,2023,53712.1,110926.2,2065.2
Uttar Pradesh,Kanpur,Sugarcane,2023,23779.2,1878342.8,78991.0
Uttar Pradesh,Kanpur,Banana,2023,41926.4,2053123.2,48969.7
Uttar Pradesh,Prayagraj,Wheat,2023,26705.4,97632.3,3655.9
Uttar Pradesh,Prayagraj,Banana,2023,17232.1,738957.3,42882.6
Uttar Pradesh,Prayagraj,Groundnut,2023,33023.7,87413.7,2647.0
Uttar Pradesh,Prayagraj,Rice,2023,6272.3,29601.5,4719.4
Uttar Pradesh,Prayagraj,Onion,2023,59397.2,1064201.8,17916.7
Gujarat,Ahmedabad,Sugarcane,2023,35485.4,3044867.3,85806.2
Gujarat,Ahmedabad,Cotton,2023,19688.7,45500.6,2311.0
Gujarat,Ahmedabad,Maize,2023,68539.6,234556.2,3422.2
Gujarat,Ahmedabad,Chickpea,2023,39481.5,54618.7,1383.4
Gujarat,Ahmedabad,Potato,2023,74641.7,2012616.4,26963.7
Gujarat,Surat,Groundnut,2023,42284.3,111770.1,2643.3
Gujarat,Surat,Banana,2023,64982.5,3460396.1,53251.2
Gujarat,Surat,Sugarcane,2023,68822.8,6008732.8,87307.3
Gujarat,Surat,Onion,2023,42331.1,956750.6,22601.6
Gujarat,Surat,Potato,2023,29795.1,800645.0,26871.7
Gujarat,Rajkot,Sugarcane,2023,24978.4,1799361.5,72036.7
Gujarat,Rajkot,Maize,2023,47512.7,172656.4,3633.9
Gujarat,Rajkot,Cotton,2023,12775.1,27936.6,2186.8
Gujarat,Rajkot,Potato,2023,78063.1,2293884.2,29385.0
Gujarat,Rajkot,Groundnut,2023,72320.7,181047.6,2503.4
Gujarat,Vadodara,Maize,2023,30113.9,114821.3,3812.9
Gujarat,Vadodara,Potato,2023,37550.5,1111524.8,29600.8
Gujarat,Vadodara,Cotton,2023,36598.6,83137.4,2271.6
Gujarat,Vadodara,Groundnut,2023,31501.9,70035.0,2223.2
Gujarat,Vadodara,Wheat,2023,39865.3,177595.9,4454.9
Gujarat,Junagadh,Cotton,2023,76604.7,167963.5,2192.6
Gujarat,Junagadh,Banana,2023,33379.0,1426595.1,42739.3
Gujarat,Junagadh,Maize,2023,21249.8,74533.7,3507.5
Gujarat,Junagadh,Wheat,2023,14874.3,49558.2,3331.8
Gujarat,Junagadh,Onion,2023,24260.2,524939.8,21637.9
Karnataka,Bengaluru Rural,Maize,2023,26864.2,102046.4,3798.6
Karnataka,Bengaluru Rural,Groundnut,2023,58465.6,136610.7,2336.6
Karnataka,Bengaluru Rural,Potato,2023,23341.6,594730.0,25479.4
Karnataka,Bengaluru Rural,Rice,2023,31554.6,123750.8,3921.8
Karnataka,Bengaluru Rural,Onion,2023,11236.1,230026.6,20472.1
Karnataka,Belagavi,Chickpea,2023,29388.6,41232.2,1403.0
Karnataka,Belagavi,Groundnut,2023,18793.5,44168.5,2350.2
Karnataka,Belagavi,Cotton,2023,32629.5,68437.1,2097.4
Karnataka,Belagavi,Banana,2023,75171.0,3820754.0,50827.5
Karnataka,Belagavi,Potato,2023,30330.6,661234.4,21800.9
Karnataka,Mysuru,Potato,2023,29235.9,825499.0,28235.8
Karnataka,Mysuru,Chickpea,2023,53932.5,75381.5,1397.7
Karnataka,Mysuru,Cotton,2023,9870.0,23184.6,2349.0
Karnataka,Mysuru,Sugarcane,2023,20603.8,1902742.4,92349.1
Karnataka,Mysuru,Onion,2023,68877.5,1407236.2,20431.0
Karnataka,Hubballi,Potato,2023,36347.1,905413.5,24910.2
Karnataka,Hubballi,Maize,2023,19841.7,74170.3,3738.1
Karnataka,Hubballi,Onion,2023,35497.4,695308.9,19587.6
Karnataka,Hubballi,Wheat,2023,17251.3,69453.7,4026.0
Karnataka,Hubballi,Cotton,2023,22664.5,48295.8,2130.9
Karnataka,Dharwad,Groundnut,2023,64608.5,159382.7,2466.9
Karnataka,Dharwad,Potato,2023,15165.2,420685.7,27740.2
Karnataka,Dharwad,Wheat,2023,65834.1,260729.4,3960.4
Karnataka,Dharwad,Maize,2023,18587.9,58321.4,3137.6
Karnataka,Dharwad,Sugarcane,2023,51852.9,4437509.0,85578.8
Rajasthan,Jaipur,Chickpea,2023,45487.5,61976.7,1362.5
Rajasthan,Jaipur,Banana,2023,46248.8,2034688.2,43994.4
Rajasthan,Jaipur,Rice,2023,23785.0,105120.2,4419.6
Rajasthan,Jaipur,Cotton,2023,27854.0,58641.0,2105.3
Rajasthan,Jaipur,Maize,2023,43350.1,146982.8,3390.6
Rajasthan,Jodhpur,Rice,2023,27121.8,116602.0,4299.2
Rajasthan,Jodhpur,Cotton,2023,18358.9,42304.4,2304.3
Rajasthan,Jodhpur,Sugarcane,2023,60389.9,4919808.1,81467.4
Rajasthan,Jodhpur,Potato,2023,22903.3,671316.3,29310.9
Rajasthan,Jodhpur,Chickpea,2023,75923.5,106262.5,1399.6
Rajasthan,Udaipur,Cotton,2023,36741.6,84612.2,2302.9
Rajasthan,Udaipur,Groundnut,2023,22775.7,52539.0,2306.8
Rajasthan,Udaipur,Onion,2023,66145.2,1349143.8,20396.7
Rajasthan,Udaipur,Banana,2023,41282.1,2094810.6,50743.8
Rajasthan,Udaipur,Potato,2023,24659.9,658527.8,26704.4
Rajasthan,Kota,Cotton,2023,24858.6,58877.6,2368.5
Rajasthan,Kota,Sugarcane,2023,38011.7,3081323.4,81062.5
Rajasthan,Kota,Potato,2023,65118.4,1522546.3,23381.2
Rajasthan,Kota,Groundnut,2023,59213.9,177795.7,3002.6
Rajasthan,Kota,Rice,2023,13233.6,62176.7,4698.4
Rajasthan,Bikaner,Groundnut,2023,65629.2,163626.7,2493.2
Rajasthan,Bikaner,Cotton,2023,40105.8,84767.6,2113.6
Rajasthan,Bikaner,Banana,2023,18403.3,922618.2,50133.3
Rajasthan,Bikaner,Potato,2023,65280.7,1631580.1,24993.3
Rajasthan,Bikaner,Maize,2023,7739.5,24928.2,3220.9
Madhya Pradesh,Indore,Cotton,2023,69794.0,142058.7,2035.4
Madhya Pradesh,Indore,Wheat,2023,49615.2,197428.8,3979.2
Madhya Pradesh,Indore,Sugarcane,2023,46945.9,3338445.0,71112.6
Madhya Pradesh,Indore,Maize,2023,15391.8,49272.2,3201.2
Madhya Pradesh,Indore,Groundnut,2023,26647.5,64860.0,2434.0
Madhya Pradesh,Bhopal,Banana,2023,20395.1,1175357.4,57629.4
Madhya Pradesh,Bhopal,Rice,2023,52779.1,228723.5,4333.6
Madhya Pradesh,Bhopal,Maize,2023,27934.6,101067.4,3618.0
Madhya Pradesh,Bhopal,Groundnut,2023,71020.2,181683.9,2558.2
Madhya Pradesh,Bhopal,Potato,2023,44315.2,1147493.4,25893.9
Madhya Pradesh,Ujjain,Groundnut,2023,9905.0,24512.9,2474.8
Madhya Pradesh,Ujjain,Onion,2023,56170.7,1141854.8,20328.3
Madhya Pradesh,Ujjain,Potato,2023,38779.7,1108366.5,28581.1
Madhya Pradesh,Ujjain,Wheat,2023,34333.6,132864.2,3869.8
Madhya Pradesh,Ujjain,Banana,2023,79261.7,3759255.6,47428.4
Madhya Pradesh,Jabalpur,Chickpea,2023,21097.5,28342.4,1343.4
Madhya Pradesh,Jabalpur,Wheat,2023,13713.6,49438.9,3605.1
Madhya Pradesh,Jabalpur,Groundnut,2023,65944.9,149028.9,2259.9
Madhya Pradesh,Jabalpur,Rice,2023,76802.7,310605.5,4044.2
Madhya Pradesh,Jabalpur,Sugarcane,2023,6245.2,478578.4,76631.4
Madhya Pradesh,Gwalior,Wheat,2023,52005.6,202083.4,3885.8
Madhya Pradesh,Gwalior,Potato,2023,29423.1,772868.3,26267.4
Madhya Pradesh,Gwalior,Cotton,2023,6539.5,14711.9,2249.7
Madhya Pradesh,Gwalior,Chickpea,2023,14612.4,22026.7,1507.4
Madhya Pradesh,Gwalior,Rice,2023,31374.7,146491.6,4669.1
Bihar,Patna,Onion,2023,52907.2,1150911.5,21753.4
Bihar,Patna,Rice,2023,16479.6,65224.6,3957.9
Bihar,Patna,Chickpea,2023,37260.1,52674.6,1413.7
Bihar,Patna,Sugarcane,2023,55255.2,5092236.3,92158.5
Bihar,Patna,Groundnut,2023,60770.8,149629.9,2462.2
Bihar,Gaya,Wheat,2023,26510.0,105536.3,3981.0
Bihar,Gaya,Sugarcane,2023,61353.2,5194333.7,84662.8
Bihar,Gaya,Banana,2023,7989.5,427233.7,53474.4
Bihar,Gaya,Potato,2023,58312.2,1506163.3,25829.3
Bihar,Gaya,Onion,2023,72937.2,1514300.3,20761.7
Bihar,Muzaffarpur,Maize,2023,63866.8,246040.5,3852.4
Bihar,Muzaffarpur,Banana,2023,56206.6,2981990.6,53054.1
Bihar,Muzaffarpur,Onion,2023,48212.9,872749.9,18102.0
Bihar,Muzaffarpur,Cotton,2023,67395.5,167450.9,2484.6
Bihar,Muzaffarpur,Rice,2023,16136.1,63842.5,3956.5
Bihar,Bhagalpur,Groundnut,2023,50478.5,134752.4,2669.5
Bihar,Bhagalpur,Sugarcane,2023,59484.7,4538206.7,76292.0
Bihar,Bhagalpur,Rice,2023,66906.6,277649.0,4149.8
Bihar,Bhagalpur,Cotton,2023,53365.0,115946.1,2172.7
Bihar,Bhagalpur,Maize,2023,6472.8,22860.0,3531.7
Bihar,Darbhanga,Groundnut,2023,71412.3,184158.0,2578.8
Bihar,Darbhanga,Potato,2023,75549.5,2221057.1,29398.7
Bihar,Darbhanga,Banana,2023,36803.0,1850440.1,50279.6
Bihar,Darbhanga,Rice,2023,71586.7,299361.3,4181.8
Bihar,Darbhanga,Sugarcane,2023,27233.0,2125837.9,78061.1
West Bengal,Hooghly,Groundnut,2023,42617.7,109851.4,2577.6
West Bengal,Hooghly,Chickpea,2023,77485.7,110293.1,1423.4
West Bengal,Hooghly,Banana,2023,52470.9,2616813.0,49871.7
West Bengal,Hooghly,Maize,2023,15314.5,54562.5,3562.8
West Bengal,Hooghly,Onion,2023,62896.7,1323409.5,21041.0
West Bengal,Burdwan,Sugarcane,2023,42357.2,3610252.4,85233.5
West Bengal,Burdwan,Chickpea,2023,46681.5,70461.1,1509.4
West Bengal,Burdwan,Banana,2023,43606.9,2527316.4,57956.8
West Bengal,Burdwan,Onion,2023,26150.3,455930.5,17435.0
West Bengal,Burdwan,Maize,2023,48569.1,175951.3,3622.7
West Bengal,Nadia,Rice,2023,79570.0,313569.5,3940.8
West Bengal,Nadia,Potato,2023,49713.9,1430333.5,28771.3
West Bengal,Nadia,Banana,2023,14728.3,757445.5,51427.9
West Bengal,Nadia,Cotton,2023,77171.8,172116.3,2230.3
West Bengal,Nadia,Wheat,2023,67271.5,278450.2,4139.2
West Bengal,Murshidabad,Maize,2023,50012.2,195207.6,3903.2
West Bengal,Murshidabad,Potato,2023,10992.3,308979.3,28108.7
West Bengal,Murshidabad,Chickpea,2023,37511.7,53206.6,1418.4
West Bengal,Murshidabad,Wheat,2023,65697.2,278726.9,4242.6
West Bengal,Murshidabad,Banana,2023,42957.7,2303198.6,53615.5
West Bengal,Birbhum,Rice,2023,26318.2,116676.5,4433.3
West Bengal,Birbhum,Banana,2023,57138.9,2933076.9,51332.4
West Bengal,Birbhum,Maize,2023,12282.4,45158.7,3676.7
West Bengal,Birbhum,Groundnut,2023,72629.7,188626.6,2597.1
West Bengal,Birbhum,Sugarcane,2023,32407.3,2605657.1,80403.4
Tamil Nadu,Coimbatore,Groundnut,2023,18030.2,42500.8,2357.2
Tamil Nadu,Coimbatore,Sugarcane,2023,79395.2,6555899.8,82573.0
Tamil Nadu,Coimbatore,Rice,2023,76349.9,282456.5,3699.5
Tamil Nadu,Coimbatore,Banana,2023,69445.2,3150652.3,45368.9
Tamil Nadu,Coimbatore,Maize,2023,6279.5,21173.8,3371.9
Tamil Nadu,Madurai,Maize,2023,64302.7,225143.0,3501.3
Tamil Nadu,Madurai,Sugarcane,2023,58678.2,5314842.5,90576.1
Tamil Nadu,Madurai,Banana,2023,48968.5,2402810.8,49068.5
Tamil Nadu,Madurai,Onion,2023,43253.9,849082.7,19630.2
Tamil Nadu,Madurai,Potato,2023,26510.6,669596.8,25257.7
Tamil Nadu,Salem,Sugarcane,2023,55999.2,4454310.8,79542.4
Tamil Nadu,Salem,Potato,2023,77414.5,1717456.2,22185.2
Tamil Nadu,Salem,Wheat,2023,59822.4,258528.5,4321.6
Tamil Nadu,Salem,Rice,2023,7738.0,31869.0,4118.5
Tamil Nadu,Salem,Maize,2023,69965.5,233146.0,3332.3
Tamil Nadu,Thanjavur,Potato,2023,27732.8,716970.5,25852.8
Tamil Nadu,Thanjavur,Maize,2023,63313.8,219926.8,3473.6
Tamil Nadu,Thanjavur,Sugarcane,2023,42879.7,3194447.6,74497.9
Tamil Nadu,Thanjavur,Groundnut,2023,43770.6,108835.6,2486.5
Tamil Nadu,Thanjavur,Cotton,2023,11993.5,25333.9,2112.3
Tamil Nadu,Tiruchirappalli,Banana,2023,25497.6,1217811.3,47761.8
Tamil Nadu,Tiruchirappalli,Cotton,2023,8972.5,19210.1,2141.0
Tamil Nadu,Tiruchirappalli,Maize,2023,16403.3,61486.1,3748.4
Tamil Nadu,Tiruchirappalli,Potato,2023,53155.1,1426619.1,26838.8
Tamil Nadu,Tiruchirappalli,Chickpea,2023,38683.2,55982.3,1447.2
